tag,num_train,AP,dataset
#overwatch,103.0,0.0105616,ari_small
#twinbotz,57.0,0.1427470,ari_small
#dasenergifestival,36.0,0.0248719,ari_small
#chandlerriggs,109.0,0.0000797,ari_small
#cosplay,86.0,0.0056283,ari_small
#rocketleague,64.0,0.3971843,ari_small
#donaldtrump,83.0,0.0382758,ari_small
#malika,42.0,0.0019569,ari_small
#dancebattle,175.0,0.0001240,ari_small
#malikaandkhaliyawhitworth,114.0,0.0032002,ari_small
#news,64.0,0.0203556,ari_small
#godsangels,76.0,0.0003261,ari_small
#trickshot,53.0,0.0062225,ari_small
#darkhand,60.0,0.0144730,ari_small
#dubstep,39.0,0.0023720,ari_small
#nyc,37.0,0.0026477,ari_small
#selfie,34.0,0.0042678,ari_small
#goal,49.0,0.0193798,ari_small
#musicvideo,35.0,0.0021067,ari_small
#rio2016,38.0,0.0055824,ari_small
#munchkin,32.0,0.0341316,ari_small
#elitegamingsquad,42.0,0.0201060,ari_small
#thebandgodsangelsedits,34.0,0.0062875,ari_small
#boston,58.0,0.0204423,ari_small
#creepycomparison,37.0,0.0033278,ari_small
#genesissquad,36.0,0.0161213,ari_small
#politics,64.0,0.0362208,ari_small
#bottleofjack,28.0,0.4863296,ari_small
#epic,22.0,0.0007858,ari_small
#pizza,30.0,0.0027206,ari_small
#vineenespanol,25.0,0.0016627,ari_small
#florida,28.0,0.0022805,ari_small
#twins,45.0,0.0005633,ari_small
#painting,25.0,0.0017937,ari_small
#fireworks,24.0,0.0219577,ari_small
#trump,38.0,0.0036957,ari_small
#spongebob,29.0,0.0035772,ari_small
#yourmoodboard,22.0,0.0081130,ari_small
#loveyourself,30.0,0.0010343,ari_small
#edsheeran,30.0,0.0026166,ari_small
#horse,24.0,0.0063970,ari_small
#farewelltwchallenge,20.0,0.0302353,ari_small
#ridingwitht,20.0,0.1950987,ari_small
#6secondscover,21.0,0.0031657,ari_small
#flowers,20.0,0.0025296,ari_small
#comingup,20.0,0.0706261,ari_small
#zaynmalik,26.0,0.0005325,ari_small
#rwby,24.0,0.0031404,ari_small
#lipsyncing,21.0,0.0011409,ari_small
#editsquadoutlaw,19.0,0.0056223,ari_small
#animeedits,20.0,0.0010975,ari_small
#haikyuu,21.0,0.0032420,ari_small
#suicide,15.0,0.0059103,ari_small
#true,15.0,0.0010083,ari_small
#guitarcover,14.0,0.0042345,ari_small
#godiseverything,35.0,0.0018972,ari_small
#fifa16,25.0,0.0257756,ari_small
#godisonlytrending,0.0,0.0015843,ari_small
#camerondallas,14.0,0.0007317,ari_small
#sleepy,17.0,0.0014958,ari_small
#jokes,13.0,0.0007767,ari_small
#charactertraits,14.0,0.0042593,ari_small
#animeweek,15.0,0.0036394,ari_small
#sunrise,17.0,0.0367499,ari_small
#creative,10.0,0.0005340,ari_small
#animezodiac,16.0,0.0034490,ari_small
#girltwins,60.0,0.0003134,ari_small
#doggy,12.0,0.0015787,ari_small
#destinythegame,13.0,0.0017977,ari_small
#southpark,15.0,0.0363774,ari_small
#mashup,14.0,0.0007915,ari_small
#hpmonth,13.0,0.0108606,ari_small
#actor,9.0,0.0006193,ari_small
#kiss,14.0,0.0009435,ari_small
#kingofallkings,23.0,0.1064969,ari_small
#singingvines,19.0,0.0010090,ari_small
#goldenretriever,15.0,0.0022130,ari_small
#mood,14.0,0.0006171,ari_small
#vdm,10.0,0.0014680,ari_small
#lacrosse,14.0,0.0073642,ari_small
#bostonredsox,21.0,0.0267894,ari_small
#frenchbulldog,17.0,0.0016929,ari_small
#nbasummer,12.0,0.1082370,ari_small
#jjba,22.0,0.0007681,ari_small
#maimai,11.0,0.0319035,ari_small
#theweeknd,16.0,0.0004564,ari_small
#ratsofvine,21.0,0.0072183,ari_small
#adelecover,12.0,0.0009920,ari_small
#germanshepherd,13.0,0.0011648,ari_small
#vinebotz,29.0,0.0332571,ari_small
#superbowl50,17.0,0.0003570,ari_small
#gamingedit,17.0,0.0009778,ari_small
#ohl,13.0,0.0876148,ari_small
#pistons,6.0,0.0088412,ari_small
#friend,11.0,0.0006053,ari_small
#funnyshit,12.0,0.0004017,ari_small
#fly,14.0,0.0004901,ari_small
#onepiece,15.0,0.0008351,ari_small
#followback,9.0,0.0002566,ari_small
#mountains,11.0,0.0030900,ari_small
#brazil,12.0,0.0004031,ari_small
#codtrickshot,15.0,0.0018835,ari_small
#girlmeetsworld,5.0,0.0002509,ari_small
#shrine,5.0,0.0016189,ari_small
#cringeworthy,12.0,0.0004402,ari_small
#servamp,14.0,0.0022832,ari_small
#danielskye,2.0,0.0000253,ari_small
#miami,12.0,0.0003412,ari_small
#golazo,17.0,0.0074483,ari_small
#treatyoubetter,10.0,0.0011268,ari_small
#sao,14.0,0.0006597,ari_small
#fairytailedit,18.0,0.0028880,ari_small
#boom,14.0,0.0008965,ari_small
#doctorwho,10.0,0.0009120,ari_small
#justinbieberedits,14.0,0.0010817,ari_small
#sandiego,12.0,0.0005220,ari_small
#lazysunday,16.0,0.0005146,ari_small
#spurs,12.0,0.0016744,ari_small
#golf,13.0,0.0057033,ari_small
#jojosbizarreadventure,18.0,0.0008005,ari_small
#retro,10.0,0.0005595,ari_small
#thanks,10.0,0.0007652,ari_small
#gopdebate,27.0,0.1663913,ari_small
#khaliyawhitworth,4.0,0.0001274,ari_small
#swimming,11.0,0.0004981,ari_small
#csgo,12.0,0.0006889,ari_small
#samsmith,13.0,0.0008008,ari_small
#natural,11.0,0.0009414,ari_small
#suicidal,8.0,0.0071084,ari_small
#usabmnt,11.0,0.0009409,ari_small
#puppiesofvine,12.0,0.0007705,ari_small
#animu,3.0,0.0000672,ari_small
#dachshundsofvine,11.0,0.0014144,ari_small
#teamjesusonly,0.0,0.0000076,ari_small
#the100,13.0,0.0018675,ari_small
#stop,9.0,0.0004889,ari_small
#meeks,19.0,0.0015149,ari_small
#keeks,19.0,0.0025750,ari_small
#free,11.0,0.0003684,ari_small
#charlieputh,11.0,0.0006284,ari_small
#nails,11.0,0.0014017,ari_small
#fallout,11.0,0.0017897,ari_small
#bo2trickshot,8.0,0.0029596,ari_small
#seventeen,10.0,0.0009289,ari_small
#hamster,10.0,0.0009700,ari_small
#depressededit,8.0,0.0433005,ari_small
#rapper,8.0,0.0002397,ari_small
#coconutcam,13.0,0.0164146,ari_small
#bleach,16.0,0.0004221,ari_small
#weeaboo,5.0,0.0002958,ari_small
#gerbilsofvine,9.0,0.0040812,ari_small
#yato,12.0,0.0010333,ari_small
#90s,9.0,0.0009702,ari_small
#footystarsquad,11.0,0.0010407,ari_small
#nwe,4.0,0.0004031,ari_small
#ouch,10.0,0.0003156,ari_small
#cleveland,12.0,0.0033831,ari_small
#neko,8.0,0.0003582,ari_small
#shtuesday,10.0,0.0006830,ari_small
#craftbeer,10.0,0.0004479,ari_small
#kibum,5.0,0.0010382,ari_small
#tgif,14.0,0.0004246,ari_small
#mlp,9.0,0.0006590,ari_small
#fss,13.0,0.0053048,ari_small
#pugs,9.0,0.0004107,ari_small
#hilariousvines,8.0,0.0015401,ari_small
#harmony,8.0,0.0006708,ari_small
#guns,10.0,0.0003736,ari_small
#army,7.0,0.0003293,ari_small
#americanhorrorstory,11.0,0.0007490,ari_small
#leravers,14.0,0.0023053,ari_small
#ps3,10.0,0.0002182,ari_small
#thunder,10.0,0.0009805,ari_small
#eggs,9.0,0.0005426,ari_small
#cuttingshapes,10.0,0.0010146,ari_small
#sunshine,8.0,0.0004925,ari_small
#show,6.0,0.0003164,ari_small
#1d,10.0,0.0004110,ari_small
#rat,11.0,0.0007207,ari_small
#freeiwatobiswimclub,17.0,0.0012322,ari_small
#twinbotiz,0.0,0.0006271,ari_small
#bathbomb,10.0,0.0041589,ari_small
#psychedelic,10.0,0.0003507,ari_small
#pll,8.0,0.0011962,ari_small
#cook,8.0,0.0006076,ari_small
#singersongwriter,4.0,0.0012938,ari_small
#rekt,9.0,0.0003730,ari_small
#bf4,11.0,0.0006569,ari_small
#letmeloveyou,4.0,0.0010680,ari_small
#acapellacover,9.0,0.0009310,ari_small
#exol,10.0,0.0070221,ari_small
#skill,10.0,0.0003140,ari_small
#orange,9.0,0.0003136,ari_small
#farewelltvdchallenge,8.0,0.0122880,ari_small
#owarinoseraph,15.0,0.0015998,ari_small
#comic,6.0,0.0002592,ari_small
#bollywood,9.0,0.0003455,ari_small
#health,5.0,0.0007928,ari_small
#videoedit,7.0,0.0003070,ari_small
#paradise,11.0,0.0007329,ari_small
#part1,10.0,0.0003945,ari_small
#producer,9.0,0.0003600,ari_small
#pun,6.0,0.0005233,ari_small
#dragonballsuper,7.0,0.0007034,ari_small
#dancingbellsprout,8.0,0.5544254,ari_small
#faze,9.0,0.0004376,ari_small
#battlefront,9.0,0.0004545,ari_small
#edsheerancover,13.0,0.0007996,ari_small
#tiger,11.0,0.0021736,ari_small
#amber,3.0,0.0001175,ari_small
#debate,8.0,0.0008917,ari_small
#happyjungkookday,8.0,0.0016972,ari_small
#demdebate,18.0,0.0073167,ari_small
#healthwatch,14.0,0.0045693,ari_small
#soul,6.0,0.0003020,ari_small
#freekick,9.0,0.0022142,ari_small
#parrot,8.0,0.0006326,ari_small
#dubai,10.0,0.0004285,ari_small
#bars,6.0,0.0004869,ari_small
#glidingonair,0.0,0.0005240,ari_small
#quote,11.0,0.0009405,ari_small
#autism,5.0,0.0002591,ari_small
#bostonmarathon,17.0,0.0119880,ari_small
#nalu,7.0,0.0012955,ari_small
#goclear,12.0,0.0189487,ari_small
#patrickstjean,9.0,0.0005817,ari_small
#filipinovines,11.0,0.0005676,ari_small
#blackcat,8.0,0.0003955,ari_small
#nets,12.0,0.0013754,ari_small
#skitzngigglez,12.0,0.0013477,ari_small
#kpopchannel,6.0,0.0003077,ari_small
#ratsareawesome,14.0,0.0006299,ari_small
#backflip,8.0,0.0004109,ari_small
#spongebobsquarepants,11.0,0.0006797,ari_small
#exok,9.0,0.0001490,ari_small
#thedivision,10.0,0.0004019,ari_small
#ironman,9.0,0.0002232,ari_small
#rugby,9.0,0.0016805,ari_small
#streetdance,2.0,0.0001063,ari_small
#bff,7.0,0.0003830,ari_small
#boss,6.0,0.0003373,ari_small
#vaporwave,10.0,0.0004732,ari_small
#follows,4.0,0.0004696,ari_small
#bbcnews,13.0,0.0000285,ari_small
#bestfriends,6.0,0.0003402,ari_small
#fivenightsatfreddys,8.0,0.0008616,ari_small
#centro,12.0,0.0463514,ari_small
#baile,7.0,0.0003583,ari_small
#wolf,7.0,0.0004274,ari_small
#vinecomio,9.0,0.0003133,ari_small
#siamese,8.0,0.0005540,ari_small
#ireland,9.0,0.0007455,ari_small
#neymarjr,8.0,0.0011742,ari_small
#theoriginaltwinbotz,3.0,0.0943608,ari_small
#fashionblogger,11.0,0.0001137,ari_small
#yourplottwist,7.0,0.0006664,ari_small
#silhouettesunday,8.0,0.0010645,ari_small
#gamegrumps,8.0,0.0005021,ari_small
#madonna,8.0,0.0003762,ari_small
#marchmadness,8.0,0.0034855,ari_small
#videogameedit,10.0,0.0002687,ari_small
#crewelite,15.0,0.0005136,ari_small
#familyguy,9.0,0.0003992,ari_small
#hotaf,6.0,0.0003162,ari_small
#blackops2,7.0,0.0003903,ari_small
#sonicadventuredx,7.0,0.0428096,ari_small
#ratlife,17.0,0.0065918,ari_small
#fitfam,4.0,0.0001937,ari_small
#kardinaloffishall,0.0,0.0000444,ari_small
#lufc,7.0,0.0135714,ari_small
#vhs,8.0,0.0004278,ari_small
#niggasbelike,10.0,0.0019662,ari_small
#hawks,5.0,0.0033923,ari_small
#tedtvedits,4.0,0.0005732,ari_small
#mouse,6.0,0.0005129,ari_small
#geometrydash,8.0,0.0017943,ari_small
#squirrel,7.0,0.0007027,ari_small
#ncaa,11.0,0.0044850,ari_small
#rwbyedit,11.0,0.0012755,ari_small
#greekgodchallenge,6.0,0.0022892,ari_small
#madrid,10.0,0.0003386,ari_small
#zoo,7.0,0.0005640,ari_small
#stressedout,10.0,0.0371848,ari_small
#suhdude,7.0,0.0002276,ari_small
#depressing,3.0,0.0003891,ari_small
#beatboxnation,5.0,0.0010135,ari_small
#greysanatomy,6.0,0.0005155,ari_small
#stunt,7.0,0.0002025,ari_small
#doxie,5.0,0.0006364,ari_small
#kuroshitsuji,9.0,0.0002992,ari_small
#gtastunts,4.0,0.0007744,ari_small
#vinecomicreviews,6.0,0.0437858,ari_small
#trance,6.0,0.0002230,ari_small
#forest,10.0,0.0068569,ari_small
#nbaallstarto,15.0,0.0022173,ari_small
#kyliejenner,7.0,0.0009673,ari_small
#instrumental,6.0,0.0011655,ari_small
#magconboys,10.0,0.0002433,ari_small
#patriots,6.0,0.0005507,ari_small
#itslit,5.0,0.0006525,ari_small
#assassinscreed,8.0,0.0002849,ari_small
#cali,8.0,0.0003471,ari_small
#arizona,5.0,0.0003211,ari_small
#dancingbotz,13.0,0.0100888,ari_small
#europe,6.0,0.0003442,ari_small
#kingjames,6.0,0.0004224,ari_small
#drinking,7.0,0.0002867,ari_small
#fruit,6.0,0.0003280,ari_small
#nhprimary2016,12.0,0.0001231,ari_small
#indovines,6.0,0.0003149,ari_small
#equestrian,11.0,0.0013612,ari_small
#beard,8.0,0.0002237,ari_small
#blazesquad,6.0,0.0006175,ari_small
#monkey,8.0,0.0009107,ari_small
#liverpool,6.0,0.0003384,ari_small
#natsu,7.0,0.0003186,ari_small
#sakura,7.0,0.0010130,ari_small
#ilovemydog,6.0,0.0006328,ari_small
#shuffledance,8.0,0.0006652,ari_small
#onceuponatime,11.0,0.0006358,ari_small
#primesquad,6.0,0.0030728,ari_small
#deer,6.0,0.0005400,ari_small
#otp,9.0,0.0003615,ari_small
#eliteeditsofthegamers,13.0,0.0007898,ari_small
#feminism,6.0,0.0001785,ari_small
#gainbackfollowers,8.0,0.0046893,ari_small
#malec,6.0,0.0085116,ari_small
#krump,4.0,0.0004410,ari_small
#experienciasbioparc,11.0,0.0047717,ari_small
#ourblues,6.0,0.0032612,ari_small
#jensenackles,5.0,0.0007484,ari_small
#turtle,5.0,0.0004573,ari_small
#handmade,6.0,0.0003805,ari_small
#doglover,7.0,0.0004995,ari_small
#slfl,11.0,0.0005293,ari_small
#roses,6.0,0.0003144,ari_small
#doglife,9.0,0.0002903,ari_small
#collegefootball,6.0,0.0009655,ari_small
#gato,6.0,0.0004856,ari_small
#nightprophecy,6.0,0.0048006,ari_small
#keyboard,6.0,0.0002965,ari_small
#insanitycrew,9.0,0.0021039,ari_small
#cuteanimals,9.0,0.0005653,ari_small
#mvpsports,5.0,0.0045946,ari_small
#shot,5.0,0.0001560,ari_small
#montreal,6.0,0.0001270,ari_small
#offensivememes,8.0,0.0436420,ari_small
#bungoustraydogs,6.0,0.0008345,ari_small
#championsleague,6.0,0.0002835,ari_small
#airplane,6.0,0.0003439,ari_small
#singers,6.0,0.0004262,ari_small
#guy,5.0,0.0001823,ari_small
#kyungsoo,5.0,0.0003891,ari_small
#11037daysofdr,6.0,0.0005428,ari_small
#rockets,7.0,0.0015242,ari_small
#christinaaguilera,6.0,0.0001760,ari_small
#playstation4,7.0,0.0001912,ari_small
#island,6.0,0.0002199,ari_small
#seraphoftheend,7.0,0.0010296,ari_small
#playforglorycrew,4.0,0.0005952,ari_small
#tricking,6.0,0.0004175,ari_small
#editsquad,7.0,0.0003176,ari_small
#cutecat,4.0,0.0002645,ari_small
#lukasgraham,7.0,0.0002184,ari_small
#logic,5.0,0.0003037,ari_small
#teaminstinct,5.0,0.0002360,ari_small
#longboard,5.0,0.0002589,ari_small
#shiba,6.0,0.0002851,ari_small
#woman,6.0,0.0002631,ari_small
#sweden,5.0,0.0002754,ari_small
#man,6.0,0.0004813,ari_small
#gloving,5.0,0.0015027,ari_small
#pomeranian,6.0,0.0009997,ari_small
#bulldogsofvine,6.0,0.0003251,ari_small
#mmd,8.0,0.0002309,ari_small
#jinyoung,12.0,0.0001050,ari_small
#musicandsports,5.0,0.0042970,ari_small
#walk,4.0,0.0002925,ari_small
#petrat,7.0,0.0055285,ari_small
#trailer,8.0,0.0003669,ari_small
#dlinevids,5.0,0.0006733,ari_small
#lame,6.0,0.0011803,ari_small
#steelers,5.0,0.0003290,ari_small
#larrystylinson,5.0,0.0011284,ari_small
#marktuan,8.0,0.0003213,ari_small
#duck,5.0,0.0005281,ari_small
#martialarts,7.0,0.0003996,ari_small
#kakashi,10.0,0.0003183,ari_small
#younow,3.0,0.0001659,ari_small
#alternative,3.0,0.0001892,ari_small
#justiceleague,4.0,0.0001884,ari_small
#unc,5.0,0.0001376,ari_small
#yanderesimulator,6.0,0.0002466,ari_small
#foodgasm,3.0,0.0002800,ari_small
#gmod,8.0,0.0001538,ari_small
#cordialrc2,5.0,0.0019503,ari_small
#animemeweek,5.0,0.0028358,ari_small
#sf,6.0,0.0003403,ari_small
#cnblueworld,4.0,0.0004730,ari_small
#piraterp,5.0,0.0002962,ari_small
#springbreak,8.0,0.0002226,ari_small
#farmlife,6.0,0.0006831,ari_small
#gol,5.0,0.0005739,ari_small
#ouranhighschoolhostclub,6.0,0.0004170,ari_small
#inspirehappiness,2.0,0.0011220,ari_small
#9daysofscream,5.0,0.0015384,ari_small
#poledance,6.0,0.0001909,ari_small
#zachking,4.0,0.0003408,ari_small
#orgnlstyle,11.0,0.0003333,ari_small
#pacers,5.0,0.0013761,ari_small
#drumandbass,3.0,0.0000977,ari_small
#corgisofvine,8.0,0.0009890,ari_small
#mischiefmadness,4.0,0.0004755,ari_small
#waterbottleflip,7.0,0.0003281,ari_small
#twinz,18.0,0.0002054,ari_small
#buzzerbeater,6.0,0.0007786,ari_small
#grunge,4.0,0.0002157,ari_small
#ninja,4.0,0.0003818,ari_small
#motion,3.0,0.0002835,ari_small
#poodle,7.0,0.0007839,ari_small
#flips,4.0,0.0003414,ari_small
#playtime,6.0,0.0009526,ari_small
#usher,6.0,0.0002241,ari_small
#magi,6.0,0.0006751,ari_small
#furbaby,4.0,0.0002488,ari_small
#ouat,7.0,0.0004126,ari_small
#specialfx,4.0,0.0003404,ari_small
#rncincle,6.0,0.0002669,ari_small
#vancouver,4.0,0.0003535,ari_small
#wbznewsat6,5.0,0.0330238,ari_small
#newgame,3.0,0.0003975,ari_small
#link,4.0,0.0002983,ari_small
#camping,5.0,0.0002243,ari_small
#bokunoheroacademia,6.0,0.0001689,ari_small
#stydia,6.0,0.0007565,ari_small
#ferrari,6.0,0.0001884,ari_small
#nailpolish,6.0,0.0005417,ari_small
#nomnom,5.0,0.0003748,ari_small
#ssb43ds,3.0,0.0020518,ari_small
#gainfollowers,6.0,0.0002956,ari_small
#funk,4.0,0.0002020,ari_small
#damonsalvatore,8.0,0.0003451,ari_small
#5sosfam,6.0,0.0005024,ari_small
#tmnt,7.0,0.0003343,ari_small
#adelehello,6.0,0.0002484,ari_small
#coym,3.0,0.0033721,ari_small
#mydog,6.0,0.0002324,ari_small
#akamegakill,6.0,0.0025401,ari_small
#goldenstatewarriors,6.0,0.0005125,ari_small
#goats,6.0,0.0002724,ari_small
#wakeupwords,5.0,0.0734443,ari_small
#bringusback,5.0,0.0003340,ari_small
#virussquad,8.0,0.0011987,ari_small
#vr,5.0,0.0002471,ari_small
#cereal,5.0,0.0003040,ari_small
#9daysofanimeeyes,5.0,0.0006666,ari_small
#aliens,4.0,0.0003402,ari_small
#gamergirl,4.0,0.0002685,ari_small
#lovethissong,4.0,0.0002807,ari_small
#fitnessgrampacertest,6.0,0.0002935,ari_small
#perpignan,2.0,0.0010379,ari_small
#blooper,4.0,0.0001583,ari_small
#tasty,4.0,0.0002415,ari_small
#justforfun,4.0,0.0004309,ari_small
#tgambinoif,6.0,0.0002849,ari_small
#war,5.0,0.0003706,ari_small
#vixxken,1.0,0.0021367,ari_small
#myvoice,6.0,0.0013145,ari_small
#transformation,5.0,0.0001227,ari_small
#roasted,5.0,0.0002446,ari_small
#nailedit,3.0,0.0001468,ari_small
#action,5.0,0.0001411,ari_small
#terrier,6.0,0.0004995,ari_small
#smash,6.0,0.0002028,ari_small
#kyoto,5.0,0.0004551,ari_small
#vineitwhileyoudriveit,5.0,0.0004243,ari_small
#vmldraft1,4.0,0.0014254,ari_small
#blingaudios,4.0,0.0015810,ari_small
#scottmccall,5.0,0.0005588,ari_small
#walmart,8.0,0.0002660,ari_small
#alaska,4.0,0.0003139,ari_small
#hornets,5.0,0.0012222,ari_small
#animallover,3.0,0.0001775,ari_small
#itachi,7.0,0.0006237,ari_small
#chinchilla,5.0,0.0001784,ari_small
#jumpman,7.0,0.0001641,ari_small
#election,7.0,0.0033015,ari_small
#cuba,8.0,0.0002670,ari_small
#lgndsquad,12.0,0.0013236,ari_small
#teewolf,5.0,0.0003798,ari_small
#sand,4.0,0.0004001,ari_small
#urban,3.0,0.0002374,ari_small
#carolinapanthers,7.0,0.0002264,ari_small
#caribbean,10.0,0.0002192,ari_small
#dunkcontest,6.0,0.0001137,ari_small
#bb18,4.0,0.0002791,ari_small
#southboston,8.0,0.0043980,ari_small
#swissbeatbox,8.0,0.0001031,ari_small
#darksouls,5.0,0.0004106,ari_small
#southafrica,5.0,0.0002305,ari_small
#valencia,7.0,0.0002658,ari_small
#demsinphilly,5.0,0.0003633,ari_small
#fujiyoshidacity,4.0,0.0230970,ari_small
#gd,4.0,0.0001615,ari_small
#topchallenge,4.0,0.0010388,ari_small
#photooftheday,4.0,0.0001977,ari_small
#phantomgourmet,7.0,0.0733505,ari_small
#rockthered,8.0,0.0016909,ari_small
#3ds,4.0,0.0002067,ari_small
#bottle,4.0,0.0003841,ari_small
#jackandjack,5.0,0.0004350,ari_small
#newat6,6.0,0.0017759,ari_small
#2016nhldraft,5.0,0.0050383,ari_small
#evonation,8.0,0.0049840,ari_small
#conormcgregor,8.0,0.0001726,ari_small
#sgvines,6.0,0.0001377,ari_small
#thetinydog,4.0,0.0004736,ari_small
#ajax,4.0,0.2341852,ari_small
#blog,3.0,0.0002313,ari_small
#elenagilbert,6.0,0.0026346,ari_small
#rvb,5.0,0.0002549,ari_small
#nctu,5.0,0.0005768,ari_small
#bestnflplays,4.0,0.0287078,ari_small
#cookingpanda,4.0,0.0006073,ari_small
#alessiacara,5.0,0.0002828,ari_small
#imperialsquad,5.0,0.0004192,ari_small
#brooklyn,5.0,0.0002559,ari_small
#sheep,7.0,0.0002070,ari_small
#flowey,5.0,0.0001607,ari_small
#8daysofanimecharacters,5.0,0.0016000,ari_small
#siberianhusky,6.0,0.0004059,ari_small
#sportsedits,4.0,0.0000859,ari_small
#psycho,6.0,0.0001471,ari_small
#guineapig,5.0,0.0004631,ari_small
#nfldraft,4.0,0.0212302,ari_small
#gorillaz,4.0,0.0001727,ari_small
#hehe,2.0,0.0000917,ari_small
#positive,3.0,0.0011792,ari_small
#learning,3.0,0.0002770,ari_small
#yourgloup,4.0,0.0003717,ari_small
#hiroshima,7.0,0.0017525,ari_small
#usabwnt,5.0,0.0001665,ari_small
#wwenxt,1.0,0.0000394,ari_small
#valhallarc4,5.0,0.0009739,ari_small
#buckybarnes,4.0,0.0002283,ari_small
#dangerous,4.0,0.0001379,ari_small
#childhood,4.0,0.0001974,ari_small
#mar,5.0,0.0000604,ari_small
#harrystylesedit,6.0,0.0003102,ari_small
#sims4,4.0,0.0001524,ari_small
#contest,5.0,0.0001791,ari_small
#pig,5.0,0.0004441,ari_small
#splash,5.0,0.0001993,ari_small
#wbznewsat5,4.0,0.0143620,ari_small
#azwx,4.0,0.0170950,ari_small
#bowie,5.0,0.0001742,ari_small
#guys,4.0,0.0001395,ari_small
#choreo,2.0,0.0003004,ari_small
#vinedance,3.0,0.0004177,ari_small
#alllivesmatter,4.0,0.0003591,ari_small
#kamdelafu,4.0,0.0004428,ari_small
#skyline,4.0,0.0001562,ari_small
#walkingdead,6.0,0.0001659,ari_small
#aussieviner,4.0,0.0001224,ari_small
#pixelart,4.0,0.0004431,ari_small
#bikelife,4.0,0.0001657,ari_small
#playofthegame,13.0,0.0003099,ari_small
#firstanimeweek,4.0,0.0004091,ari_small
#obito,8.0,0.0001005,ari_small
#5daysofmm,4.0,0.0003810,ari_small
#alexmorgan,4.0,0.0002696,ari_small
#goofy,5.0,0.0001466,ari_small
#photograph,3.0,0.0002022,ari_small
#bringmethehorizon,4.0,0.0001617,ari_small
#ohagi,4.0,0.0002630,ari_small
#kpopfunny,3.0,0.0003379,ari_small
#thinkingoutloud,11.0,0.0003126,ari_small
#ship,3.0,0.0001606,ari_small
#basketballneverstops,4.0,0.0002763,ari_small
#allstar,4.0,0.0001858,ari_small
#thegoodvoice,6.0,0.0001318,ari_small
#chicagoblackhawks,5.0,0.0002664,ari_small
#artistic,4.0,0.0001595,ari_small
#callofdutyadvancedwarfare,2.0,0.0000376,ari_small
#vegetarian,5.0,0.0002622,ari_small
#uber,5.0,0.0001746,ari_small
#teamcoolsmoketricks,3.0,0.0000385,ari_small
#madden,5.0,0.0007742,ari_small
#bighit,6.0,0.0002013,ari_small
#toddler,4.0,0.0002322,ari_small
#suicidesquadedit,7.0,0.0001475,ari_small
#taeyeon,5.0,0.0003088,ari_small
#kitties,2.0,0.0002221,ari_small
#strawberry,4.0,0.0002081,ari_small
#newblowpopflavors,4.0,0.1939702,ari_small
#smackdown,3.0,0.0001683,ari_small
#vote,4.0,0.0003459,ari_small
#debatenight,4.0,0.0003364,ari_small
#playa,4.0,0.0012453,ari_small
#360,6.0,0.0001543,ari_small
#harleyquinnedit,4.0,0.0003254,ari_small
#underrated,4.0,0.0004034,ari_small
#sassy,3.0,0.0081600,ari_small
#9daysoffairytail,4.0,0.0004730,ari_small
#purple,4.0,0.0001606,ari_small
#pianist,4.0,0.0017790,ari_small
#snl,4.0,0.0012896,ari_small
#cut,2.0,0.0000731,ari_small
#mylove,5.0,0.0001642,ari_small
#acidaudios,4.0,0.0003888,ari_small
#teamzeub,3.0,0.0000957,ari_small
#happydog,5.0,0.0001849,ari_small
#firesports,4.0,0.0028321,ari_small
#dubnation,5.0,0.0003370,ari_small
#fountain,4.0,0.0018517,ari_small
#muse,4.0,0.0002953,ari_small
#flstudio,4.0,0.0002168,ari_small
#humpday,5.0,0.0001583,ari_small
#bocajuniors,3.0,0.0001158,ari_small
#denverbroncos,7.0,0.0002155,ari_small
#atx,5.0,0.0002688,ari_small
#honey,4.0,0.0002343,ari_small
#newzealand,5.0,0.0002700,ari_small
#illusion,5.0,0.0002135,ari_small
#grandshoutout,4.0,0.0006064,ari_small
#jgktmcontest,4.0,0.0017979,ari_small
#outsidersau,4.0,0.0002851,ari_small
#rofl,2.0,0.0000721,ari_small
#editorpositivityweek,4.0,0.0002939,ari_small
#moves,4.0,0.0003503,ari_small
#httr,5.0,0.0003347,ari_small
#risesquad1,4.0,0.0002728,ari_small
#katherinepierce,6.0,0.0025734,ari_small
#rhianna,3.0,0.0002755,ari_small
#kick,3.0,0.0002434,ari_small
#furrypride,4.0,0.0012585,ari_small
#cs45k,4.0,0.0038510,ari_small
#allin216,4.0,0.0001554,ari_small
#clexa,6.0,0.0005383,ari_small
#air,4.0,0.0023337,ari_small
#staffy,5.0,0.0001096,ari_small
#next,4.0,0.0017782,ari_small
#vogue,6.0,0.0004292,ari_small
#yuta,4.0,0.0003444,ari_small
#toystory,3.0,0.0001461,ari_small
#motocross,3.0,0.0001566,ari_small
#mariokart,5.0,0.0002147,ari_small
#idkwhatimdoing,5.0,0.0002190,ari_small
#nashville,3.0,0.0002442,ari_small
#underswap,4.0,0.0005468,ari_small
#flythew,4.0,0.0008699,ari_small
#famousvine,3.0,0.0001226,ari_small
#cl,3.0,0.0001327,ari_small
#vinecomedy,3.0,0.0002943,ari_small
#gopackgo,4.0,0.0002727,ari_small
#gnash,3.0,0.0002921,ari_small
#fairytailanime,7.0,0.0001831,ari_small
#peopledontdancenomo,4.0,0.0003806,ari_small
#squarevideo,4.0,0.0003071,ari_small
#calvinharris,3.0,0.0004348,ari_small
#6daysofsongs,4.0,0.0004662,ari_small
#newjersey,4.0,0.0002218,ari_small
#junkoenoshima,6.0,0.0001307,ari_small
#aphamerica,4.0,0.0009869,ari_small
#cph4,9.0,0.0005863,ari_small
#momo,3.0,0.0001691,ari_small
#kd,4.0,0.0001725,ari_small
#villanova,4.0,0.0002643,ari_small
#sugar,4.0,0.0001013,ari_small
#chinesefood,4.0,0.0002378,ari_small
#screaming,3.0,0.0004098,ari_small
#teamdilligaf,7.0,0.0001415,ari_small
#adultswim,3.0,0.0001194,ari_small
#kingdomhearts,4.0,0.0002459,ari_small
#photoshop,5.0,0.0003040,ari_small
#ufc196,6.0,0.0001272,ari_small
#bleachanime,6.0,0.0002990,ari_small
#big,3.0,0.0001277,ari_small
#whoa,2.0,0.0000844,ari_small
#quick,1.0,0.0001141,ari_small
#frenchvine2016,4.0,0.0002112,ari_small
#mother,3.0,0.0000915,ari_small
#basssquad,4.0,0.0072913,ari_small
#stream,4.0,0.0002657,ari_small
#voltron,6.0,0.0002735,ari_small
#pup,4.0,0.0001651,ari_small
#digital,3.0,0.0001243,ari_small
#stayweird,3.0,0.0001671,ari_small
#bioparcvalencia,6.0,0.0006321,ari_small
#steelersfootball,4.0,0.0006606,ari_small
#easter,6.0,0.0001301,ari_small
#shihtzu,4.0,0.0002676,ari_small
#canadian,4.0,0.0001589,ari_small
#kriegersquad,4.0,0.0067988,ari_small
#chacabuco,4.0,0.0325663,ari_small
#nyfw,4.0,0.0003811,ari_small
#jordan,3.0,0.0001357,ari_small
#rollercoaster,4.0,0.0001838,ari_small
#hallelujah,5.0,0.0002803,ari_small
#bestoftheday,3.0,0.0000392,ari_small
#citylife,5.0,0.0000807,ari_small
#ontherise,3.0,0.0001566,ari_small
#slipknot,3.0,0.0001596,ari_small
#pinoyvines,5.0,0.0001425,ari_small
#emoji,4.0,0.0000988,ari_small
#usopen,4.0,0.0002262,ari_small
#doodles,5.0,0.0005408,ari_small
#snapchatfilter,5.0,0.0002314,ari_small
#wtfamidoing,5.0,0.0002525,ari_small
#ptv,2.0,0.0001423,ari_small
#marveledit,3.0,0.0001612,ari_small
#hmu,1.0,0.0000426,ari_small
#pittsburgh,3.0,0.0001421,ari_small
#100followers,5.0,0.0003081,ari_small
#hookah,5.0,0.0000978,ari_small
#noodles,4.0,0.0001287,ari_small
#attblockparty,3.0,0.0020651,ari_small
#explisivesquad,3.0,0.0004903,ari_small
#supersmashbroswiiu,5.0,0.0001841,ari_small
#wizkhalifa,5.0,0.0001320,ari_small
#fridayfeeling,3.0,0.0002977,ari_small
#killlakill,4.0,0.0000942,ari_small
#daryldixon,3.0,0.0001917,ari_small
#spin,4.0,0.0002505,ari_small
#ableton,4.0,0.0001286,ari_small
#redskins,5.0,0.0002502,ari_small
#trickshotedits,2.0,0.0004865,ari_small
#yunogasai,5.0,0.0001499,ari_small
#gore,4.0,0.0001512,ari_small
#spoiled,5.0,0.0001989,ari_small
#edinburgh,4.0,0.0002388,ari_small
#letsplay,3.0,0.0001436,ari_small
#shottime,3.0,0.0009020,ari_small
#recognize,4.0,0.0001265,ari_small
#elvispresley,3.0,0.0002443,ari_small
#contemporaryart,3.0,0.0001796,ari_small
#seun2contest,5.0,0.0006250,ari_small
#justcause3,5.0,0.0001746,ari_small
#record,5.0,0.0002309,ari_small
#ibiza,3.0,0.0001613,ari_small
#sidemen,4.0,0.0005082,ari_small
#heatnation,4.0,0.0004793,ari_small
#osaka,4.0,0.0003386,ari_small
#yixing,3.0,0.0001351,ari_small
#beardeddragon,3.0,0.0002782,ari_small
#tombrady,6.0,0.0001785,ari_small
#manicure,4.0,0.0002261,ari_small
#smule,4.0,0.0001874,ari_small
#rapgod,4.0,0.0001390,ari_small
#igot7,3.0,0.0001691,ari_small
#swing,4.0,0.0001977,ari_small
#likeforfollow,4.0,0.0001523,ari_small
#aye,2.0,0.0001143,ari_small
#bostonbruins,5.0,0.0010297,ari_small
#romance,4.0,0.0001162,ari_small
#10daysofsu,3.0,0.0017797,ari_small
#chihuahuas,2.0,0.0001013,ari_small
#margotrobbie,4.0,0.0001929,ari_small
#mickeymouse,4.0,0.0001726,ari_small
#groove,3.0,0.0001729,ari_small
#aliceinwonderland,4.0,0.0001297,ari_small
#afro,1.0,0.0001161,ari_small
#rumbleviral,3.0,0.0002215,ari_small
#poopfrogg,7.0,0.0001782,ari_small
#austin,3.0,0.0001158,ari_small
#lovesong,5.0,0.0001356,ari_small
#superjunior,3.0,0.0001258,ari_small
#tut,3.0,0.0001557,ari_small
#screamqueens,3.0,0.0002861,ari_small
#vikings,4.0,0.0000937,ari_small
#ew,4.0,0.0003284,ari_small
#fridaynightlightz,3.0,0.0006197,ari_small
#edlp,3.0,0.0010189,ari_small
#foot,2.0,0.0001205,ari_small
#clay,3.0,0.0001969,ari_small
#jyp,2.0,0.0000552,ari_small
#makeuptutorial,3.0,0.0002035,ari_small
#pacman,3.0,0.0001600,ari_small
#ukelele,3.0,0.0002199,ari_small
#maggielindemann,3.0,0.0049802,ari_small
#explosivesquad,3.0,0.0006185,ari_small
#heavy,2.0,0.0001332,ari_small
#kpopedits,3.0,0.0001577,ari_small
#voltronlegendarydefender,5.0,0.0009972,ari_small
#alphasquad,3.0,0.0006887,ari_small
#fifa16goals,3.0,0.0003605,ari_small
#michaelmyers,5.0,0.0001139,ari_small
#tlop,6.0,0.0000315,ari_small
#freestyledance,4.0,0.0001344,ari_small
#squidward,6.0,0.0002699,ari_small
#switzerland,5.0,0.0002293,ari_small
#13,3.0,0.0000820,ari_small
#story,5.0,0.0000886,ari_small
#paranormal,3.0,0.0004183,ari_small
#fancyrat,5.0,0.0041439,ari_small
#creep,4.0,0.0004491,ari_small
#timelapseaddiction,5.0,0.0002177,ari_small
#tomholland,3.0,0.0001827,ari_small
#buckminsterfuller,3.0,0.0002097,ari_small
#nascar,4.0,0.0001324,ari_small
#itachiuchiha,6.0,0.0001685,ari_small
#arianaedit,2.0,0.0002961,ari_small
#gtryouts8,3.0,0.0006923,ari_small
#deadshot,3.0,0.0000276,ari_small
#yaoiweek,3.0,0.0003214,ari_small
#slfljakarta,6.0,0.0002246,ari_small
#feclit,3.0,0.0007313,ari_small
#overwatch,893.0,0.0430907,ari_full
#twinbotz,431.0,0.1203941,ari_full
#dasenergifestival,335.0,0.0155028,ari_full
#chandlerriggs,844.0,0.0000659,ari_full
#cosplay,698.0,0.0132844,ari_full
#rocketleague,602.0,0.7330579,ari_full
#donaldtrump,596.0,0.0591590,ari_full
#malika,415.0,0.0520305,ari_full
#dancebattle,810.0,0.0002839,ari_full
#malikaandkhaliyawhitworth,587.0,0.0029198,ari_full
#news,387.0,0.0208493,ari_full
#godsangels,379.0,0.0017190,ari_full
#trickshot,390.0,0.0599668,ari_full
#darkhand,281.0,0.0139382,ari_full
#dubstep,305.0,0.0024721,ari_full
#nyc,336.0,0.0032200,ari_full
#selfie,268.0,0.0025348,ari_full
#goal,330.0,0.0364152,ari_full
#musicvideo,284.0,0.0023163,ari_full
#rio2016,322.0,0.0181732,ari_full
#munchkin,320.0,0.3730624,ari_full
#elitegamingsquad,330.0,0.0622690,ari_full
#thebandgodsangelsedits,308.0,0.0107728,ari_full
#boston,528.0,0.0429101,ari_full
#creepycomparison,364.0,0.0124781,ari_full
#genesissquad,336.0,0.0326074,ari_full
#politics,328.0,0.0452487,ari_full
#bottleofjack,267.0,0.4995698,ari_full
#epic,162.0,0.0008759,ari_full
#pizza,271.0,0.0108124,ari_full
#vineenespanol,238.0,0.0017374,ari_full
#florida,246.0,0.0040224,ari_full
#twins,256.0,0.0007120,ari_full
#painting,223.0,0.0037930,ari_full
#fireworks,239.0,0.2142131,ari_full
#trump,211.0,0.0094185,ari_full
#spongebob,217.0,0.0371012,ari_full
#yourmoodboard,207.0,0.0374610,ari_full
#loveyourself,283.0,0.0014752,ari_full
#edsheeran,215.0,0.0036201,ari_full
#horse,184.0,0.0199048,ari_full
#farewelltwchallenge,195.0,0.0845571,ari_full
#ridingwitht,190.0,0.9268297,ari_full
#6secondscover,166.0,0.0036951,ari_full
#flowers,159.0,0.0410927,ari_full
#comingup,185.0,0.3219858,ari_full
#zaynmalik,211.0,0.0008854,ari_full
#rwby,169.0,0.0166898,ari_full
#lipsyncing,183.0,0.0034866,ari_full
#editsquadoutlaw,168.0,0.0220704,ari_full
#animeedits,155.0,0.0018168,ari_full
#haikyuu,177.0,0.0114747,ari_full
#suicide,91.0,0.0114574,ari_full
#true,130.0,0.0014624,ari_full
#guitarcover,134.0,0.0175189,ari_full
#godiseverything,199.0,0.0440055,ari_full
#fifa16,177.0,0.1540537,ari_full
#godisonlytrending,0.0,0.0009086,ari_full
#camerondallas,137.0,0.0042780,ari_full
#sleepy,127.0,0.0052700,ari_full
#jokes,101.0,0.0011710,ari_full
#charactertraits,140.0,0.0181171,ari_full
#animeweek,141.0,0.0136988,ari_full
#sunrise,136.0,0.0724024,ari_full
#creative,95.0,0.0006220,ari_full
#animezodiac,152.0,0.0255814,ari_full
#girltwins,212.0,0.0000593,ari_full
#doggy,89.0,0.0012849,ari_full
#destinythegame,128.0,0.0096334,ari_full
#southpark,129.0,0.3836103,ari_full
#mashup,129.0,0.0023142,ari_full
#hpmonth,127.0,0.0551074,ari_full
#actor,82.0,0.0007518,ari_full
#kiss,119.0,0.0005769,ari_full
#kingofallkings,125.0,0.1963970,ari_full
#singingvines,128.0,0.0017088,ari_full
#goldenretriever,124.0,0.0035154,ari_full
#mood,111.0,0.0009863,ari_full
#vdm,69.0,0.0061796,ari_full
#lacrosse,133.0,0.1146105,ari_full
#bostonredsox,208.0,0.2354070,ari_full
#frenchbulldog,113.0,0.0018072,ari_full
#nbasummer,117.0,0.2665143,ari_full
#jjba,138.0,0.0018089,ari_full
#maimai,110.0,0.8548763,ari_full
#theweeknd,138.0,0.0008388,ari_full
#ratsofvine,117.0,0.0305197,ari_full
#adelecover,115.0,0.0016159,ari_full
#germanshepherd,112.0,0.0019764,ari_full
#vinebotz,127.0,0.0947092,ari_full
#superbowl50,162.0,0.0088158,ari_full
#gamingedit,107.0,0.0086420,ari_full
#ohl,112.0,0.6494492,ari_full
#pistons,52.0,0.1146328,ari_full
#friend,89.0,0.0005330,ari_full
#funnyshit,86.0,0.0007288,ari_full
#fly,92.0,0.0015784,ari_full
#onepiece,125.0,0.0015414,ari_full
#followback,78.0,0.0003754,ari_full
#mountains,107.0,0.0057691,ari_full
#brazil,101.0,0.0007900,ari_full
#codtrickshot,102.0,0.0400641,ari_full
#girlmeetsworld,45.0,0.0008639,ari_full
#shrine,38.0,0.0668844,ari_full
#cringeworthy,99.0,0.0005329,ari_full
#servamp,113.0,0.0537085,ari_full
#danielskye,13.0,0.0000771,ari_full
#miami,103.0,0.0006455,ari_full
#golazo,108.0,0.0194722,ari_full
#treatyoubetter,88.0,0.0017714,ari_full
#sao,111.0,0.0009057,ari_full
#fairytailedit,118.0,0.0063441,ari_full
#boom,95.0,0.0004441,ari_full
#doctorwho,100.0,0.0019306,ari_full
#justinbieberedits,122.0,0.0067201,ari_full
#sandiego,101.0,0.0008216,ari_full
#lazysunday,136.0,0.0007019,ari_full
#spurs,119.0,0.0055559,ari_full
#golf,104.0,0.0226346,ari_full
#jojosbizarreadventure,120.0,0.0025213,ari_full
#retro,83.0,0.0015745,ari_full
#thanks,92.0,0.0007568,ari_full
#gopdebate,165.0,0.2375366,ari_full
#khaliyawhitworth,14.0,0.0001431,ari_full
#swimming,88.0,0.0192160,ari_full
#csgo,108.0,0.0168749,ari_full
#samsmith,110.0,0.0009537,ari_full
#natural,79.0,0.0017161,ari_full
#suicidal,44.0,0.0194346,ari_full
#usabmnt,106.0,0.0144110,ari_full
#puppiesofvine,103.0,0.0020553,ari_full
#animu,30.0,0.0000404,ari_full
#dachshundsofvine,96.0,0.0033993,ari_full
#teamjesusonly,0.0,0.0000078,ari_full
#the100,94.0,0.0038045,ari_full
#stop,82.0,0.0007155,ari_full
#meeks,89.0,0.0030230,ari_full
#keeks,89.0,0.0041388,ari_full
#free,81.0,0.0003425,ari_full
#charlieputh,87.0,0.0011252,ari_full
#nails,82.0,0.0153975,ari_full
#fallout,94.0,0.0266346,ari_full
#bo2trickshot,52.0,0.0475641,ari_full
#seventeen,87.0,0.0010498,ari_full
#hamster,92.0,0.0033753,ari_full
#depressededit,48.0,0.0288040,ari_full
#rapper,64.0,0.0009147,ari_full
#coconutcam,70.0,0.0443052,ari_full
#bleach,97.0,0.0004024,ari_full
#weeaboo,35.0,0.0001828,ari_full
#gerbilsofvine,89.0,0.2186919,ari_full
#yato,97.0,0.0553034,ari_full
#90s,80.0,0.1064810,ari_full
#footystarsquad,86.0,0.0022880,ari_full
#nwe,40.0,0.0002981,ari_full
#ouch,77.0,0.0015899,ari_full
#cleveland,104.0,0.0039658,ari_full
#neko,75.0,0.0013745,ari_full
#shtuesday,90.0,0.0028178,ari_full
#craftbeer,84.0,0.0063846,ari_full
#kibum,48.0,0.1424036,ari_full
#tgif,87.0,0.0006939,ari_full
#mlp,86.0,0.0027578,ari_full
#fss,113.0,0.0051109,ari_full
#pugs,89.0,0.0015783,ari_full
#hilariousvines,70.0,0.1585268,ari_full
#harmony,78.0,0.0156782,ari_full
#guns,79.0,0.0009256,ari_full
#army,65.0,0.0003826,ari_full
#americanhorrorstory,87.0,0.0010380,ari_full
#leravers,139.0,0.0337615,ari_full
#ps3,83.0,0.0011256,ari_full
#thunder,83.0,0.0012259,ari_full
#eggs,81.0,0.0024067,ari_full
#cuttingshapes,80.0,0.0099990,ari_full
#sunshine,72.0,0.0008040,ari_full
#show,57.0,0.0003461,ari_full
#1d,74.0,0.0005676,ari_full
#rat,62.0,0.0012679,ari_full
#freeiwatobiswimclub,99.0,0.0017973,ari_full
#twinbotiz,0.0,0.0004488,ari_full
#bathbomb,95.0,0.0227135,ari_full
#psychedelic,78.0,0.0018064,ari_full
#pll,72.0,0.0013344,ari_full
#cook,74.0,0.0012235,ari_full
#singersongwriter,39.0,0.0038787,ari_full
#rekt,73.0,0.0004345,ari_full
#bf4,104.0,0.0435665,ari_full
#letmeloveyou,33.0,0.0015437,ari_full
#acapellacover,77.0,0.0024095,ari_full
#exol,62.0,0.0081248,ari_full
#skill,73.0,0.0005670,ari_full
#orange,68.0,0.0004069,ari_full
#farewelltvdchallenge,75.0,0.0363406,ari_full
#owarinoseraph,84.0,0.0070264,ari_full
#comic,60.0,0.0005166,ari_full
#bollywood,78.0,0.0007199,ari_full
#health,47.0,0.0005223,ari_full
#videoedit,68.0,0.0004801,ari_full
#paradise,63.0,0.0029473,ari_full
#part1,87.0,0.0005322,ari_full
#producer,44.0,0.0006303,ari_full
#pun,60.0,0.0005059,ari_full
#dragonballsuper,65.0,0.0040116,ari_full
#dancingbellsprout,75.0,0.6317068,ari_full
#faze,64.0,0.0008017,ari_full
#battlefront,82.0,0.0013884,ari_full
#edsheerancover,70.0,0.0008870,ari_full
#tiger,100.0,0.0028477,ari_full
#amber,26.0,0.0002605,ari_full
#debate,55.0,0.0071661,ari_full
#happyjungkookday,77.0,0.0061319,ari_full
#demdebate,110.0,0.0566094,ari_full
#healthwatch,134.0,0.0023831,ari_full
#soul,56.0,0.0002419,ari_full
#freekick,69.0,0.0165883,ari_full
#parrot,71.0,0.0013345,ari_full
#dubai,84.0,0.0125879,ari_full
#bars,57.0,0.0007462,ari_full
#glidingonair,0.0,0.0004962,ari_full
#quote,76.0,0.0026608,ari_full
#autism,42.0,0.0002710,ari_full
#bostonmarathon,130.0,0.2380559,ari_full
#nalu,67.0,0.0101207,ari_full
#goclear,59.0,0.0672920,ari_full
#patrickstjean,69.0,0.0007341,ari_full
#filipinovines,84.0,0.0006031,ari_full
#blackcat,62.0,0.0023850,ari_full
#nets,117.0,0.0540909,ari_full
#skitzngigglez,76.0,0.0032580,ari_full
#kpopchannel,60.0,0.0005714,ari_full
#ratsareawesome,67.0,0.0069730,ari_full
#backflip,69.0,0.0008703,ari_full
#spongebobsquarepants,62.0,0.0096575,ari_full
#exok,82.0,0.0005233,ari_full
#thedivision,86.0,0.0054178,ari_full
#ironman,72.0,0.0028080,ari_full
#rugby,74.0,0.0507133,ari_full
#streetdance,20.0,0.0006270,ari_full
#bff,50.0,0.0200166,ari_full
#boss,59.0,0.0003964,ari_full
#vaporwave,67.0,0.0008774,ari_full
#follows,21.0,0.0006012,ari_full
#bbcnews,121.0,0.0000417,ari_full
#bestfriends,59.0,0.0003864,ari_full
#fivenightsatfreddys,64.0,0.0013702,ari_full
#centro,116.0,0.1146760,ari_full
#baile,41.0,0.0004825,ari_full
#wolf,51.0,0.0028273,ari_full
#vinecomio,77.0,0.0002187,ari_full
#siamese,78.0,0.0022049,ari_full
#ireland,61.0,0.0006079,ari_full
#neymarjr,61.0,0.0017708,ari_full
#theoriginaltwinbotz,9.0,0.1178888,ari_full
#fashionblogger,89.0,0.0018919,ari_full
#yourplottwist,65.0,0.0016855,ari_full
#silhouettesunday,66.0,0.0016509,ari_full
#gamegrumps,74.0,0.0035734,ari_full
#madonna,57.0,0.0005089,ari_full
#marchmadness,79.0,0.0578476,ari_full
#videogameedit,64.0,0.0040132,ari_full
#crewelite,142.0,0.0007477,ari_full
#familyguy,63.0,0.0041185,ari_full
#hotaf,57.0,0.0003010,ari_full
#blackops2,59.0,0.0115380,ari_full
#sonicadventuredx,62.0,0.4902346,ari_full
#ratlife,81.0,0.0845677,ari_full
#fitfam,37.0,0.0004293,ari_full
#kardinaloffishall,0.0,0.0000578,ari_full
#lufc,61.0,0.1394204,ari_full
#vhs,63.0,0.0007135,ari_full
#niggasbelike,55.0,0.0476437,ari_full
#hawks,31.0,0.0279967,ari_full
#tedtvedits,39.0,0.0012914,ari_full
#mouse,58.0,0.0013912,ari_full
#geometrydash,67.0,0.1700836,ari_full
#squirrel,66.0,0.0016261,ari_full
#ncaa,67.0,0.0138955,ari_full
#rwbyedit,58.0,0.0114596,ari_full
#greekgodchallenge,60.0,0.0036552,ari_full
#madrid,68.0,0.0007959,ari_full
#zoo,54.0,0.0011214,ari_full
#stressedout,86.0,0.0005394,ari_full
#suhdude,66.0,0.0003496,ari_full
#depressing,22.0,0.0014286,ari_full
#beatboxnation,49.0,0.0080240,ari_full
#greysanatomy,53.0,0.0011175,ari_full
#stunt,55.0,0.0007463,ari_full
#doxie,42.0,0.0020939,ari_full
#kuroshitsuji,82.0,0.0316805,ari_full
#gtastunts,31.0,0.0020812,ari_full
#vinecomicreviews,58.0,0.7972849,ari_full
#trance,51.0,0.0003001,ari_full
#forest,58.0,0.0030469,ari_full
#nbaallstarto,126.0,0.0919965,ari_full
#kyliejenner,52.0,0.0007687,ari_full
#instrumental,43.0,0.0002636,ari_full
#magconboys,48.0,0.0001406,ari_full
#patriots,53.0,0.0399711,ari_full
#itslit,49.0,0.0004522,ari_full
#assassinscreed,67.0,0.0212219,ari_full
#cali,51.0,0.0005102,ari_full
#arizona,32.0,0.0007265,ari_full
#dancingbotz,71.0,0.0492568,ari_full
#europe,50.0,0.0005295,ari_full
#kingjames,57.0,0.0010133,ari_full
#drinking,51.0,0.0007194,ari_full
#fruit,46.0,0.0007380,ari_full
#nhprimary2016,109.0,0.0001806,ari_full
#indovines,57.0,0.0003605,ari_full
#equestrian,58.0,0.0038833,ari_full
#beard,51.0,0.0006717,ari_full
#blazesquad,31.0,0.0067331,ari_full
#monkey,55.0,0.0004336,ari_full
#liverpool,58.0,0.0005159,ari_full
#natsu,58.0,0.0013677,ari_full
#sakura,56.0,0.0300391,ari_full
#ilovemydog,54.0,0.0019511,ari_full
#shuffledance,47.0,0.0013397,ari_full
#onceuponatime,58.0,0.0005910,ari_full
#primesquad,51.0,0.0024977,ari_full
#deer,51.0,0.0021558,ari_full
#otp,53.0,0.0013003,ari_full
#eliteeditsofthegamers,69.0,0.0276805,ari_full
#feminism,52.0,0.0063945,ari_full
#gainbackfollowers,71.0,0.0257065,ari_full
#malec,60.0,0.0024064,ari_full
#krump,32.0,0.0437895,ari_full
#experienciasbioparc,54.0,0.0477222,ari_full
#ourblues,57.0,0.3317632,ari_full
#jensenackles,46.0,0.0016293,ari_full
#turtle,49.0,0.0008091,ari_full
#handmade,49.0,0.0280813,ari_full
#doglover,46.0,0.0007646,ari_full
#slfl,66.0,0.0026918,ari_full
#roses,57.0,0.0007881,ari_full
#doglife,54.0,0.0005731,ari_full
#collegefootball,57.0,0.0028080,ari_full
#gato,49.0,0.0005206,ari_full
#nightprophecy,54.0,0.0316178,ari_full
#keyboard,48.0,0.0002934,ari_full
#insanitycrew,52.0,0.0050324,ari_full
#cuteanimals,44.0,0.0003494,ari_full
#mvpsports,38.0,0.0093794,ari_full
#shot,24.0,0.0001865,ari_full
#montreal,37.0,0.0002081,ari_full
#offensivememes,51.0,0.0090299,ari_full
#bungoustraydogs,60.0,0.0021034,ari_full
#championsleague,58.0,0.0022148,ari_full
#airplane,46.0,0.0017833,ari_full
#singers,35.0,0.0004044,ari_full
#guy,25.0,0.0001310,ari_full
#kyungsoo,33.0,0.0003192,ari_full
#11037daysofdr,54.0,0.0030333,ari_full
#rockets,64.0,0.0617568,ari_full
#christinaaguilera,46.0,0.0002168,ari_full
#playstation4,51.0,0.0003862,ari_full
#island,44.0,0.0006597,ari_full
#seraphoftheend,48.0,0.0032228,ari_full
#playforglorycrew,37.0,0.0067904,ari_full
#tricking,47.0,0.0017543,ari_full
#editsquad,49.0,0.0110113,ari_full
#cutecat,38.0,0.0011568,ari_full
#lukasgraham,55.0,0.0016262,ari_full
#logic,48.0,0.0003401,ari_full
#teaminstinct,48.0,0.0235751,ari_full
#longboard,45.0,0.0087102,ari_full
#shiba,49.0,0.0131344,ari_full
#woman,38.0,0.0002734,ari_full
#sweden,47.0,0.0007973,ari_full
#man,44.0,0.0001648,ari_full
#gloving,41.0,0.3071209,ari_full
#pomeranian,47.0,0.0218657,ari_full
#bulldogsofvine,48.0,0.0005322,ari_full
#mmd,61.0,0.0009103,ari_full
#jinyoung,67.0,0.0002347,ari_full
#musicandsports,49.0,0.0276898,ari_full
#walk,40.0,0.0003826,ari_full
#petrat,30.0,0.0005662,ari_full
#trailer,53.0,0.0006669,ari_full
#dlinevids,49.0,0.0287171,ari_full
#lame,47.0,0.0003118,ari_full
#steelers,48.0,0.0010266,ari_full
#larrystylinson,46.0,0.0018240,ari_full
#marktuan,51.0,0.0005424,ari_full
#duck,42.0,0.0003532,ari_full
#martialarts,44.0,0.0010113,ari_full
#kakashi,53.0,0.0005742,ari_full
#younow,26.0,0.0001662,ari_full
#alternative,25.0,0.0002852,ari_full
#justiceleague,35.0,0.0002315,ari_full
#unc,26.0,0.0004332,ari_full
#yanderesimulator,46.0,0.0246440,ari_full
#foodgasm,21.0,0.0003689,ari_full
#gmod,66.0,0.0001781,ari_full
#cordialrc2,46.0,0.0464846,ari_full
#animemeweek,47.0,0.0063186,ari_full
#sf,53.0,0.0002001,ari_full
#cnblueworld,35.0,0.0018135,ari_full
#piraterp,45.0,0.0007353,ari_full
#springbreak,62.0,0.0001407,ari_full
#farmlife,44.0,0.0004532,ari_full
#gol,41.0,0.0169659,ari_full
#ouranhighschoolhostclub,53.0,0.0037532,ari_full
#inspirehappiness,19.0,0.0022804,ari_full
#9daysofscream,45.0,0.0059364,ari_full
#poledance,47.0,0.0005125,ari_full
#zachking,34.0,0.0003850,ari_full
#orgnlstyle,100.0,0.0140054,ari_full
#pacers,50.0,0.0191746,ari_full
#drumandbass,16.0,0.0004809,ari_full
#corgisofvine,48.0,0.0008163,ari_full
#mischiefmadness,27.0,0.0020692,ari_full
#waterbottleflip,41.0,0.0006585,ari_full
#twinz,66.0,0.0001170,ari_full
#buzzerbeater,47.0,0.0061723,ari_full
#grunge,26.0,0.0003314,ari_full
#ninja,38.0,0.0003551,ari_full
#motion,27.0,0.0003135,ari_full
#poodle,46.0,0.0009535,ari_full
#flips,37.0,0.0009271,ari_full
#playtime,39.0,0.0009603,ari_full
#usher,41.0,0.0003808,ari_full
#magi,45.0,0.0290605,ari_full
#furbaby,36.0,0.0006996,ari_full
#ouat,52.0,0.0025675,ari_full
#specialfx,39.0,0.0006052,ari_full
#rncincle,43.0,0.0004207,ari_full
#vancouver,38.0,0.0006659,ari_full
#wbznewsat6,43.0,0.2462465,ari_full
#newgame,23.0,0.0233252,ari_full
#link,39.0,0.0016417,ari_full
#camping,41.0,0.0006097,ari_full
#bokunoheroacademia,59.0,0.0007419,ari_full
#stydia,42.0,0.0029958,ari_full
#ferrari,43.0,0.0014144,ari_full
#nailpolish,38.0,0.0012531,ari_full
#nomnom,40.0,0.0005757,ari_full
#ssb43ds,30.0,0.4169576,ari_full
#gainfollowers,42.0,0.0786276,ari_full
#funk,40.0,0.0001772,ari_full
#damonsalvatore,44.0,0.0017772,ari_full
#5sosfam,52.0,0.0004856,ari_full
#tmnt,54.0,0.0041440,ari_full
#adelehello,47.0,0.0004572,ari_full
#coym,27.0,0.0396734,ari_full
#mydog,47.0,0.0003287,ari_full
#akamegakill,54.0,0.0014500,ari_full
#goldenstatewarriors,41.0,0.0002693,ari_full
#goats,50.0,0.0008840,ari_full
#wakeupwords,49.0,0.6415135,ari_full
#bringusback,44.0,0.0017519,ari_full
#virussquad,44.0,0.0042101,ari_full
#vr,43.0,0.0002461,ari_full
#cereal,45.0,0.0006230,ari_full
#9daysofanimeeyes,48.0,0.0022034,ari_full
#aliens,40.0,0.0003785,ari_full
#gamergirl,37.0,0.0003786,ari_full
#lovethissong,37.0,0.0005631,ari_full
#fitnessgrampacertest,54.0,0.0004207,ari_full
#perpignan,20.0,0.0011857,ari_full
#blooper,23.0,0.0002049,ari_full
#tasty,36.0,0.0006999,ari_full
#justforfun,31.0,0.0021718,ari_full
#tgambinoif,41.0,0.0003218,ari_full
#war,35.0,0.0002146,ari_full
#vixxken,10.0,0.0018211,ari_full
#myvoice,42.0,0.0008473,ari_full
#transformation,44.0,0.0002831,ari_full
#roasted,38.0,0.0004032,ari_full
#nailedit,29.0,0.0002054,ari_full
#action,30.0,0.0001509,ari_full
#terrier,41.0,0.0008798,ari_full
#smash,44.0,0.0026515,ari_full
#kyoto,41.0,0.0122951,ari_full
#vineitwhileyoudriveit,43.0,0.0011220,ari_full
#vmldraft1,34.0,0.0103672,ari_full
#blingaudios,40.0,0.0982079,ari_full
#scottmccall,42.0,0.0010747,ari_full
#walmart,40.0,0.0002900,ari_full
#alaska,39.0,0.0009955,ari_full
#hornets,35.0,0.0206845,ari_full
#animallover,22.0,0.0003621,ari_full
#itachi,42.0,0.0009240,ari_full
#chinchilla,39.0,0.0009984,ari_full
#jumpman,51.0,0.0001743,ari_full
#election,34.0,0.0011685,ari_full
#cuba,38.0,0.0002108,ari_full
#lgndsquad,43.0,0.0047766,ari_full
#teewolf,38.0,0.0325937,ari_full
#sand,26.0,0.0037596,ari_full
#urban,23.0,0.0007876,ari_full
#carolinapanthers,48.0,0.0005628,ari_full
#caribbean,53.0,0.0012355,ari_full
#dunkcontest,50.0,0.0048784,ari_full
#bb18,33.0,0.0007286,ari_full
#southboston,71.0,0.0194441,ari_full
#swissbeatbox,62.0,0.0091014,ari_full
#darksouls,40.0,0.0009225,ari_full
#southafrica,47.0,0.0002969,ari_full
#valencia,42.0,0.0009121,ari_full
#demsinphilly,43.0,0.0055571,ari_full
#fujiyoshidacity,38.0,0.0048939,ari_full
#gd,37.0,0.0003749,ari_full
#topchallenge,38.0,0.0019687,ari_full
#photooftheday,24.0,0.0002901,ari_full
#phantomgourmet,62.0,0.1407629,ari_full
#rockthered,73.0,0.0245601,ari_full
#3ds,40.0,0.0022601,ari_full
#bottle,25.0,0.0003323,ari_full
#jackandjack,40.0,0.0003341,ari_full
#newat6,49.0,0.0400909,ari_full
#2016nhldraft,37.0,0.1306595,ari_full
#evonation,43.0,0.0133789,ari_full
#conormcgregor,43.0,0.0007605,ari_full
#sgvines,54.0,0.0260343,ari_full
#thetinydog,38.0,0.0011530,ari_full
#ajax,37.0,0.9190326,ari_full
#blog,24.0,0.0002009,ari_full
#elenagilbert,37.0,0.0407777,ari_full
#rvb,39.0,0.0008220,ari_full
#nctu,45.0,0.0007784,ari_full
#bestnflplays,32.0,0.1490930,ari_full
#cookingpanda,37.0,0.0894218,ari_full
#alessiacara,46.0,0.0003335,ari_full
#imperialsquad,39.0,0.0040139,ari_full
#brooklyn,38.0,0.0001917,ari_full
#sheep,34.0,0.0044364,ari_full
#flowey,43.0,0.0007011,ari_full
#8daysofanimecharacters,39.0,0.0007272,ari_full
#siberianhusky,44.0,0.0011913,ari_full
#sportsedits,31.0,0.0000992,ari_full
#psycho,33.0,0.0001861,ari_full
#guineapig,41.0,0.0004723,ari_full
#nfldraft,40.0,0.2862927,ari_full
#gorillaz,35.0,0.0003920,ari_full
#hehe,16.0,0.0000963,ari_full
#positive,28.0,0.0004569,ari_full
#learning,23.0,0.0002251,ari_full
#yourgloup,33.0,0.0089116,ari_full
#hiroshima,45.0,0.0006749,ari_full
#usabwnt,46.0,0.0018459,ari_full
#wwenxt,3.0,0.0000379,ari_full
#valhallarc4,45.0,0.0049765,ari_full
#buckybarnes,27.0,0.0007534,ari_full
#dangerous,36.0,0.0002326,ari_full
#childhood,32.0,0.0002936,ari_full
#mar,45.0,0.0011843,ari_full
#harrystylesedit,33.0,0.0006077,ari_full
#sims4,36.0,0.0007039,ari_full
#contest,42.0,0.0001628,ari_full
#pig,32.0,0.0002513,ari_full
#splash,42.0,0.0008102,ari_full
#wbznewsat5,36.0,0.1719783,ari_full
#azwx,36.0,0.5705247,ari_full
#bowie,46.0,0.0001562,ari_full
#guys,32.0,0.0005022,ari_full
#choreo,20.0,0.0030440,ari_full
#vinedance,25.0,0.0010923,ari_full
#alllivesmatter,35.0,0.0002971,ari_full
#kamdelafu,35.0,0.0756244,ari_full
#skyline,34.0,0.0009511,ari_full
#walkingdead,46.0,0.0001491,ari_full
#aussieviner,35.0,0.0009746,ari_full
#pixelart,32.0,0.0007742,ari_full
#bikelife,29.0,0.0003900,ari_full
#playofthegame,51.0,0.0011705,ari_full
#firstanimeweek,40.0,0.0016018,ari_full
#obito,43.0,0.0006905,ari_full
#5daysofmm,38.0,0.0017515,ari_full
#alexmorgan,30.0,0.0010007,ari_full
#goofy,34.0,0.0001704,ari_full
#photograph,30.0,0.0005927,ari_full
#bringmethehorizon,36.0,0.0002934,ari_full
#ohagi,40.0,0.0010024,ari_full
#kpopfunny,24.0,0.0002222,ari_full
#thinkingoutloud,48.0,0.0002818,ari_full
#ship,27.0,0.0001889,ari_full
#basketballneverstops,32.0,0.0003516,ari_full
#allstar,38.0,0.0002815,ari_full
#thegoodvoice,52.0,0.0004228,ari_full
#chicagoblackhawks,42.0,0.0062940,ari_full
#artistic,31.0,0.0002017,ari_full
#callofdutyadvancedwarfare,19.0,0.0000807,ari_full
#vegetarian,44.0,0.0013774,ari_full
#uber,41.0,0.0006637,ari_full
#teamcoolsmoketricks,29.0,0.0001954,ari_full
#madden,38.0,0.0524539,ari_full
#bighit,43.0,0.0064902,ari_full
#toddler,39.0,0.0002444,ari_full
#suicidesquadedit,49.0,0.0024751,ari_full
#taeyeon,35.0,0.0529061,ari_full
#kitties,19.0,0.0002525,ari_full
#strawberry,35.0,0.0004326,ari_full
#newblowpopflavors,36.0,0.6807074,ari_full
#smackdown,22.0,0.0003092,ari_full
#vote,37.0,0.0001484,ari_full
#debatenight,33.0,0.0469505,ari_full
#playa,32.0,0.0023938,ari_full
#360,31.0,0.0001272,ari_full
#harleyquinnedit,36.0,0.0003368,ari_full
#underrated,36.0,0.0015787,ari_full
#sassy,27.0,0.0001634,ari_full
#9daysoffairytail,40.0,0.0011573,ari_full
#purple,35.0,0.0002654,ari_full
#pianist,35.0,0.0039892,ari_full
#snl,31.0,0.0005052,ari_full
#cut,18.0,0.0001212,ari_full
#mylove,34.0,0.0034604,ari_full
#acidaudios,37.0,0.0058290,ari_full
#teamzeub,23.0,0.0001312,ari_full
#happydog,47.0,0.0002822,ari_full
#firesports,34.0,0.0805974,ari_full
#dubnation,33.0,0.0019281,ari_full
#fountain,31.0,0.0008513,ari_full
#muse,35.0,0.0003800,ari_full
#flstudio,36.0,0.0052410,ari_full
#humpday,28.0,0.0002205,ari_full
#bocajuniors,25.0,0.0009872,ari_full
#denverbroncos,38.0,0.0003435,ari_full
#atx,39.0,0.0002189,ari_full
#honey,30.0,0.0002757,ari_full
#newzealand,43.0,0.0001979,ari_full
#illusion,32.0,0.0001631,ari_full
#grandshoutout,33.0,0.5139903,ari_full
#jgktmcontest,35.0,0.0034037,ari_full
#outsidersau,33.0,0.0307902,ari_full
#rofl,20.0,0.0001041,ari_full
#editorpositivityweek,33.0,0.0006811,ari_full
#moves,24.0,0.0003393,ari_full
#httr,42.0,0.0514738,ari_full
#risesquad1,34.0,0.0022389,ari_full
#katherinepierce,35.0,0.0058464,ari_full
#rhianna,30.0,0.0001808,ari_full
#kick,24.0,0.0001437,ari_full
#furrypride,33.0,0.0040306,ari_full
#cs45k,39.0,0.0108071,ari_full
#allin216,33.0,0.0015240,ari_full
#clexa,36.0,0.0026898,ari_full
#air,32.0,0.0001421,ari_full
#staffy,46.0,0.0000759,ari_full
#next,32.0,0.1004642,ari_full
#vogue,37.0,0.0011759,ari_full
#yuta,27.0,0.0012379,ari_full
#toystory,30.0,0.0001637,ari_full
#motocross,29.0,0.0003030,ari_full
#mariokart,43.0,0.0001349,ari_full
#idkwhatimdoing,32.0,0.0002179,ari_full
#nashville,29.0,0.0003743,ari_full
#underswap,35.0,0.0015199,ari_full
#flythew,32.0,0.3874282,ari_full
#famousvine,25.0,0.0001739,ari_full
#cl,28.0,0.0001179,ari_full
#vinecomedy,29.0,0.0003501,ari_full
#gopackgo,32.0,0.0012251,ari_full
#gnash,28.0,0.0006944,ari_full
#fairytailanime,38.0,0.0003149,ari_full
#peopledontdancenomo,32.0,0.0865174,ari_full
#squarevideo,35.0,0.0002566,ari_full
#calvinharris,25.0,0.0003735,ari_full
#6daysofsongs,34.0,0.0033547,ari_full
#newjersey,31.0,0.0004515,ari_full
#junkoenoshima,52.0,0.0014612,ari_full
#aphamerica,33.0,0.0020679,ari_full
#cph4,59.0,0.0354740,ari_full
#momo,27.0,0.0001595,ari_full
#kd,32.0,0.0003500,ari_full
#villanova,27.0,0.1145451,ari_full
#sugar,35.0,0.0002248,ari_full
#chinesefood,34.0,0.0034831,ari_full
#screaming,30.0,0.0002526,ari_full
#teamdilligaf,54.0,0.0039092,ari_full
#adultswim,27.0,0.0001504,ari_full
#kingdomhearts,29.0,0.0001840,ari_full
#photoshop,34.0,0.0005000,ari_full
#ufc196,51.0,0.0120848,ari_full
#bleachanime,35.0,0.0003004,ari_full
#big,23.0,0.0001609,ari_full
#whoa,12.0,0.0000606,ari_full
#quick,9.0,0.0000825,ari_full
#frenchvine2016,32.0,0.0001647,ari_full
#mother,28.0,0.0001588,ari_full
#basssquad,21.0,0.0117607,ari_full
#stream,31.0,0.0002644,ari_full
#voltron,30.0,0.0075112,ari_full
#pup,23.0,0.0002759,ari_full
#digital,26.0,0.0002343,ari_full
#stayweird,25.0,0.0104935,ari_full
#bioparcvalencia,39.0,0.0038259,ari_full
#steelersfootball,31.0,0.0108835,ari_full
#easter,34.0,0.0001803,ari_full
#shihtzu,31.0,0.0006581,ari_full
#canadian,31.0,0.0004645,ari_full
#kriegersquad,32.0,0.0196314,ari_full
#chacabuco,31.0,0.0034528,ari_full
#nyfw,40.0,0.0037551,ari_full
#jordan,26.0,0.0001480,ari_full
#rollercoaster,32.0,0.0003863,ari_full
#hallelujah,34.0,0.0005282,ari_full
#bestoftheday,22.0,0.0000499,ari_full
#citylife,31.0,0.0003388,ari_full
#ontherise,22.0,0.0001369,ari_full
#slipknot,27.0,0.0002774,ari_full
#pinoyvines,42.0,0.0001288,ari_full
#emoji,38.0,0.0002208,ari_full
#usopen,31.0,0.0780848,ari_full
#doodles,34.0,0.0090916,ari_full
#snapchatfilter,30.0,0.0012663,ari_full
#wtfamidoing,32.0,0.0001673,ari_full
#ptv,16.0,0.0001303,ari_full
#marveledit,27.0,0.0002460,ari_full
#hmu,2.0,0.0001125,ari_full
#pittsburgh,29.0,0.0001677,ari_full
#100followers,34.0,0.0001577,ari_full
#hookah,40.0,0.0001543,ari_full
#noodles,40.0,0.0002619,ari_full
#attblockparty,30.0,0.9908295,ari_full
#explisivesquad,30.0,0.0607419,ari_full
#supersmashbroswiiu,37.0,0.0005846,ari_full
#wizkhalifa,31.0,0.0001920,ari_full
#fridayfeeling,30.0,0.0002972,ari_full
#killlakill,38.0,0.0002218,ari_full
#daryldixon,28.0,0.0005532,ari_full
#spin,27.0,0.0001491,ari_full
#ableton,28.0,0.0002657,ari_full
#redskins,36.0,0.0005190,ari_full
#trickshotedits,3.0,0.0002218,ari_full
#yunogasai,36.0,0.0016472,ari_full
#gore,26.0,0.0004057,ari_full
#spoiled,36.0,0.0004368,ari_full
#edinburgh,34.0,0.0011845,ari_full
#letsplay,29.0,0.0007891,ari_full
#shottime,30.0,0.0616298,ari_full
#recognize,31.0,0.0375109,ari_full
#elvispresley,28.0,0.0003101,ari_full
#contemporaryart,29.0,0.0013352,ari_full
#seun2contest,29.0,0.0044576,ari_full
#justcause3,46.0,0.0002041,ari_full
#record,30.0,0.0004648,ari_full
#ibiza,27.0,0.0007932,ari_full
#sidemen,26.0,0.0003218,ari_full
#heatnation,32.0,0.0014255,ari_full
#osaka,29.0,0.0003702,ari_full
#yixing,25.0,0.0002784,ari_full
#beardeddragon,30.0,0.0030223,ari_full
#tombrady,42.0,0.0002173,ari_full
#manicure,17.0,0.0002781,ari_full
#smule,35.0,0.0010292,ari_full
#rapgod,24.0,0.0002757,ari_full
#igot7,14.0,0.0000715,ari_full
#swing,25.0,0.0001720,ari_full
#likeforfollow,31.0,0.0000837,ari_full
#aye,19.0,0.0001582,ari_full
#bostonbruins,48.0,0.0892560,ari_full
#romance,26.0,0.0001380,ari_full
#10daysofsu,30.0,0.0713506,ari_full
#chihuahuas,18.0,0.0002417,ari_full
#margotrobbie,25.0,0.0005441,ari_full
#mickeymouse,33.0,0.0001517,ari_full
#groove,29.0,0.0001024,ari_full
#aliceinwonderland,31.0,0.0001381,ari_full
#afro,10.0,0.0000970,ari_full
#rumbleviral,23.0,0.0003693,ari_full
#poopfrogg,34.0,0.0008913,ari_full
#austin,27.0,0.0001212,ari_full
#lovesong,25.0,0.0003316,ari_full
#superjunior,29.0,0.0001373,ari_full
#tut,25.0,0.0001322,ari_full
#screamqueens,26.0,0.0006571,ari_full
#vikings,33.0,0.0001028,ari_full
#ew,24.0,0.0002226,ari_full
#fridaynightlightz,29.0,0.0019195,ari_full
#edlp,28.0,0.0409967,ari_full
#foot,20.0,0.0001753,ari_full
#clay,28.0,0.0002206,ari_full
#jyp,14.0,0.0000761,ari_full
#makeuptutorial,26.0,0.0003558,ari_full
#pacman,30.0,0.0005531,ari_full
#ukelele,24.0,0.0004060,ari_full
#maggielindemann,29.0,0.0099576,ari_full
#explosivesquad,22.0,0.0011628,ari_full
#heavy,11.0,0.0001211,ari_full
#kpopedits,15.0,0.0002271,ari_full
#voltronlegendarydefender,28.0,0.0036902,ari_full
#alphasquad,28.0,0.0536120,ari_full
#fifa16goals,26.0,0.0057490,ari_full
#michaelmyers,35.0,0.0001258,ari_full
#tlop,43.0,0.7386624,ari_full
#freestyledance,34.0,0.0003728,ari_full
#squidward,33.0,0.0012847,ari_full
#switzerland,36.0,0.0019514,ari_full
#13,29.0,0.0043876,ari_full
#story,28.0,0.0000982,ari_full
#paranormal,25.0,0.0005758,ari_full
#fancyrat,15.0,0.0001578,ari_full
#creep,25.0,0.0001920,ari_full
#timelapseaddiction,28.0,0.0006954,ari_full
#tomholland,28.0,0.0002426,ari_full
#buckminsterfuller,18.0,0.0003360,ari_full
#nascar,31.0,0.0007013,ari_full
#itachiuchiha,28.0,0.0006597,ari_full
#arianaedit,15.0,0.0082590,ari_full
#gtryouts8,27.0,0.0008394,ari_full
#deadshot,27.0,0.0000355,ari_full
#yaoiweek,28.0,0.0010070,ari_full
#slfljakarta,32.0,0.0150495,ari_full
#feclit,27.0,0.0017900,ari_full
#overwatch,893.0,0.0241655,danilo
#twinbotz,431.0,0.2884961,danilo
#dasenergifestival,335.0,0.0112827,danilo
#chandlerriggs,844.0,0.0001254,danilo
#cosplay,698.0,0.0085861,danilo
#rocketleague,602.0,0.5189425,danilo
#donaldtrump,596.0,0.0606188,danilo
#malika,415.0,0.0263813,danilo
#dancebattle,810.0,0.0003418,danilo
#malikaandkhaliyawhitworth,587.0,0.0255012,danilo
#news,387.0,0.0354294,danilo
#godsangels,379.0,0.0030058,danilo
#trickshot,390.0,0.0266715,danilo
#darkhand,281.0,0.0154919,danilo
#dubstep,305.0,0.0041909,danilo
#nyc,336.0,0.0045018,danilo
#selfie,268.0,0.0046139,danilo
#goal,330.0,0.0468896,danilo
#musicvideo,284.0,0.0043709,danilo
#rio2016,322.0,0.0079507,danilo
#munchkin,320.0,0.1681248,danilo
#elitegamingsquad,330.0,0.0290108,danilo
#thebandgodsangelsedits,308.0,0.1465363,danilo
#boston,528.0,0.0251575,danilo
#creepycomparison,364.0,0.0116015,danilo
#genesissquad,336.0,0.0395681,danilo
#politics,328.0,0.0555551,danilo
#bottleofjack,267.0,0.0022577,danilo
#epic,162.0,0.0029908,danilo
#pizza,271.0,0.0052593,danilo
#vineenespanol,238.0,0.0027750,danilo
#florida,246.0,0.0072303,danilo
#twins,256.0,0.0010449,danilo
#painting,223.0,0.0080480,danilo
#fireworks,239.0,0.0470386,danilo
#trump,211.0,0.0074796,danilo
#spongebob,217.0,0.0143989,danilo
#yourmoodboard,207.0,0.0111705,danilo
#loveyourself,283.0,0.0029534,danilo
#edsheeran,215.0,0.0040680,danilo
#horse,184.0,0.0035918,danilo
#farewelltwchallenge,195.0,0.0597427,danilo
#ridingwitht,190.0,0.0391651,danilo
#6secondscover,166.0,0.0054231,danilo
#flowers,159.0,0.0182285,danilo
#comingup,185.0,0.1593797,danilo
#zaynmalik,211.0,0.0015856,danilo
#rwby,169.0,0.0108766,danilo
#lipsyncing,183.0,0.0070006,danilo
#editsquadoutlaw,168.0,0.0021284,danilo
#animeedits,155.0,0.0086583,danilo
#haikyuu,177.0,0.0087021,danilo
#suicide,91.0,0.0042314,danilo
#true,130.0,0.0013834,danilo
#guitarcover,134.0,0.0058513,danilo
#godiseverything,199.0,0.3007039,danilo
#fifa16,177.0,0.0659801,danilo
#godisonlytrending,0.0,0.0031808,danilo
#camerondallas,137.0,0.0109824,danilo
#sleepy,127.0,0.0059853,danilo
#jokes,101.0,0.0019227,danilo
#charactertraits,140.0,0.0330192,danilo
#animeweek,141.0,0.0236381,danilo
#sunrise,136.0,0.0209325,danilo
#creative,95.0,0.0010774,danilo
#animezodiac,152.0,0.0247080,danilo
#girltwins,212.0,0.0008698,danilo
#doggy,89.0,0.0028204,danilo
#destinythegame,128.0,0.0029549,danilo
#southpark,129.0,0.0100716,danilo
#mashup,129.0,0.0022244,danilo
#hpmonth,127.0,0.0195281,danilo
#actor,82.0,0.0012406,danilo
#kiss,119.0,0.0009588,danilo
#kingofallkings,125.0,0.6060450,danilo
#singingvines,128.0,0.0031619,danilo
#goldenretriever,124.0,0.0111860,danilo
#mood,111.0,0.0013664,danilo
#vdm,69.0,0.0074201,danilo
#lacrosse,133.0,0.0212725,danilo
#bostonredsox,208.0,0.1662983,danilo
#frenchbulldog,113.0,0.0044732,danilo
#nbasummer,117.0,0.0792750,danilo
#jjba,138.0,0.0030626,danilo
#maimai,110.0,0.0363688,danilo
#theweeknd,138.0,0.0018182,danilo
#ratsofvine,117.0,0.0092196,danilo
#adelecover,115.0,0.0022254,danilo
#germanshepherd,112.0,0.0033434,danilo
#vinebotz,127.0,0.1677161,danilo
#superbowl50,162.0,0.0009645,danilo
#gamingedit,107.0,0.0025591,danilo
#ohl,112.0,0.0914236,danilo
#pistons,52.0,0.0648617,danilo
#friend,89.0,0.0013386,danilo
#funnyshit,86.0,0.0009763,danilo
#fly,92.0,0.0011608,danilo
#onepiece,125.0,0.0061617,danilo
#followback,78.0,0.0004889,danilo
#mountains,107.0,0.0073864,danilo
#brazil,101.0,0.0010886,danilo
#codtrickshot,102.0,0.0064734,danilo
#girlmeetsworld,45.0,0.0004445,danilo
#shrine,38.0,0.0055009,danilo
#cringeworthy,99.0,0.0004956,danilo
#servamp,113.0,0.0191624,danilo
#danielskye,13.0,0.0002838,danilo
#miami,103.0,0.0007939,danilo
#golazo,108.0,0.0213708,danilo
#treatyoubetter,88.0,0.0030698,danilo
#sao,111.0,0.0032244,danilo
#fairytailedit,118.0,0.0120246,danilo
#boom,95.0,0.0006613,danilo
#doctorwho,100.0,0.0024128,danilo
#justinbieberedits,122.0,0.0049758,danilo
#sandiego,101.0,0.0022426,danilo
#lazysunday,136.0,0.0008466,danilo
#spurs,119.0,0.0086734,danilo
#golf,104.0,0.0474215,danilo
#jojosbizarreadventure,120.0,0.0063721,danilo
#retro,83.0,0.0010424,danilo
#thanks,92.0,0.0007896,danilo
#gopdebate,165.0,0.1944969,danilo
#khaliyawhitworth,14.0,0.0002392,danilo
#swimming,88.0,0.0017077,danilo
#csgo,108.0,0.0011442,danilo
#samsmith,110.0,0.0016595,danilo
#natural,79.0,0.0015774,danilo
#suicidal,44.0,0.0176938,danilo
#usabmnt,106.0,0.0028962,danilo
#puppiesofvine,103.0,0.0033505,danilo
#animu,30.0,0.0001919,danilo
#dachshundsofvine,96.0,0.0080630,danilo
#teamjesusonly,0.0,0.0000286,danilo
#the100,94.0,0.0035372,danilo
#stop,82.0,0.0007968,danilo
#meeks,89.0,0.0313038,danilo
#keeks,89.0,0.0249051,danilo
#free,81.0,0.0007614,danilo
#charlieputh,87.0,0.0019233,danilo
#nails,82.0,0.0019536,danilo
#fallout,94.0,0.0096654,danilo
#bo2trickshot,52.0,0.0045503,danilo
#seventeen,87.0,0.0022315,danilo
#hamster,92.0,0.0026024,danilo
#depressededit,48.0,0.0345381,danilo
#rapper,64.0,0.0006251,danilo
#coconutcam,70.0,0.0061071,danilo
#bleach,97.0,0.0019036,danilo
#weeaboo,35.0,0.0002509,danilo
#gerbilsofvine,89.0,0.0062670,danilo
#yato,97.0,0.0140377,danilo
#90s,80.0,0.0135892,danilo
#footystarsquad,86.0,0.0042399,danilo
#nwe,40.0,0.0005214,danilo
#ouch,77.0,0.0005409,danilo
#cleveland,104.0,0.0060839,danilo
#neko,75.0,0.0019519,danilo
#shtuesday,90.0,0.0012141,danilo
#craftbeer,84.0,0.0010950,danilo
#kibum,48.0,0.0084056,danilo
#tgif,87.0,0.0013375,danilo
#mlp,86.0,0.0049410,danilo
#fss,113.0,0.0107562,danilo
#pugs,89.0,0.0035548,danilo
#hilariousvines,70.0,0.0401937,danilo
#harmony,78.0,0.0011187,danilo
#guns,79.0,0.0041247,danilo
#army,65.0,0.0006608,danilo
#americanhorrorstory,87.0,0.0014130,danilo
#leravers,139.0,0.0190456,danilo
#ps3,83.0,0.0107611,danilo
#thunder,83.0,0.0079873,danilo
#eggs,81.0,0.0014956,danilo
#cuttingshapes,80.0,0.0107850,danilo
#sunshine,72.0,0.0026122,danilo
#show,57.0,0.0004925,danilo
#1d,74.0,0.0013615,danilo
#rat,62.0,0.0026209,danilo
#freeiwatobiswimclub,99.0,0.0069232,danilo
#twinbotiz,0.0,0.0009510,danilo
#bathbomb,95.0,0.0049042,danilo
#psychedelic,78.0,0.0008819,danilo
#pll,72.0,0.0059845,danilo
#cook,74.0,0.0015115,danilo
#singersongwriter,39.0,0.0019897,danilo
#rekt,73.0,0.0030072,danilo
#bf4,104.0,0.0026669,danilo
#letmeloveyou,33.0,0.0033513,danilo
#acapellacover,77.0,0.0012728,danilo
#exol,62.0,0.0107440,danilo
#skill,73.0,0.0050049,danilo
#orange,68.0,0.0005414,danilo
#farewelltvdchallenge,75.0,0.0294601,danilo
#owarinoseraph,84.0,0.0061034,danilo
#comic,60.0,0.0284620,danilo
#bollywood,78.0,0.0009402,danilo
#health,47.0,0.0006662,danilo
#videoedit,68.0,0.0011462,danilo
#paradise,63.0,0.0029822,danilo
#part1,87.0,0.0005977,danilo
#producer,44.0,0.0024565,danilo
#pun,60.0,0.0008001,danilo
#dragonballsuper,65.0,0.0063320,danilo
#dancingbellsprout,75.0,0.5992253,danilo
#faze,64.0,0.0011635,danilo
#battlefront,82.0,0.0009143,danilo
#edsheerancover,70.0,0.0022739,danilo
#tiger,100.0,0.0015282,danilo
#amber,26.0,0.0001567,danilo
#debate,55.0,0.0015380,danilo
#happyjungkookday,77.0,0.0053139,danilo
#demdebate,110.0,0.0038641,danilo
#healthwatch,134.0,0.0085736,danilo
#soul,56.0,0.0012663,danilo
#freekick,69.0,0.0284458,danilo
#parrot,71.0,0.0010723,danilo
#dubai,84.0,0.0018325,danilo
#bars,57.0,0.0006422,danilo
#glidingonair,0.0,0.0017339,danilo
#quote,76.0,0.0009455,danilo
#autism,42.0,0.0004750,danilo
#bostonmarathon,130.0,0.1180531,danilo
#nalu,67.0,0.0062357,danilo
#goclear,59.0,0.0099202,danilo
#patrickstjean,69.0,0.0002587,danilo
#filipinovines,84.0,0.0007336,danilo
#blackcat,62.0,0.0013304,danilo
#nets,117.0,0.0105928,danilo
#skitzngigglez,76.0,0.0014745,danilo
#kpopchannel,60.0,0.0016163,danilo
#ratsareawesome,67.0,0.0033271,danilo
#backflip,69.0,0.0012504,danilo
#spongebobsquarepants,62.0,0.0011063,danilo
#exok,82.0,0.0004665,danilo
#thedivision,86.0,0.0008992,danilo
#ironman,72.0,0.0004128,danilo
#rugby,74.0,0.0034697,danilo
#streetdance,20.0,0.0001328,danilo
#bff,50.0,0.0008806,danilo
#boss,59.0,0.0006400,danilo
#vaporwave,67.0,0.0006956,danilo
#follows,21.0,0.0016801,danilo
#bbcnews,121.0,0.0000835,danilo
#bestfriends,59.0,0.0010363,danilo
#fivenightsatfreddys,64.0,0.0007026,danilo
#centro,116.0,0.0163493,danilo
#baile,41.0,0.0007251,danilo
#wolf,51.0,0.0010692,danilo
#vinecomio,77.0,0.0005162,danilo
#siamese,78.0,0.0034726,danilo
#ireland,61.0,0.0008767,danilo
#neymarjr,61.0,0.0031309,danilo
#theoriginaltwinbotz,9.0,0.4958773,danilo
#fashionblogger,89.0,0.0006303,danilo
#yourplottwist,65.0,0.0017675,danilo
#silhouettesunday,66.0,0.0010070,danilo
#gamegrumps,74.0,0.0006074,danilo
#madonna,57.0,0.0006156,danilo
#marchmadness,79.0,0.0048150,danilo
#videogameedit,64.0,0.0007718,danilo
#crewelite,142.0,0.0026101,danilo
#familyguy,63.0,0.0200561,danilo
#hotaf,57.0,0.0005081,danilo
#blackops2,59.0,0.0013743,danilo
#sonicadventuredx,62.0,0.0074461,danilo
#ratlife,81.0,0.0020121,danilo
#fitfam,37.0,0.0012967,danilo
#kardinaloffishall,0.0,0.0001891,danilo
#lufc,61.0,0.0897584,danilo
#vhs,63.0,0.0035949,danilo
#niggasbelike,55.0,0.0007917,danilo
#hawks,31.0,0.0651204,danilo
#tedtvedits,39.0,0.0007387,danilo
#mouse,58.0,0.0015434,danilo
#geometrydash,67.0,0.0022174,danilo
#squirrel,66.0,0.0019839,danilo
#ncaa,67.0,0.0015098,danilo
#rwbyedit,58.0,0.0013962,danilo
#greekgodchallenge,60.0,0.0046255,danilo
#madrid,68.0,0.0004409,danilo
#zoo,54.0,0.0008082,danilo
#stressedout,86.0,0.0004703,danilo
#suhdude,66.0,0.0012309,danilo
#depressing,22.0,0.0004952,danilo
#beatboxnation,49.0,0.0042898,danilo
#greysanatomy,53.0,0.0013691,danilo
#stunt,55.0,0.0003334,danilo
#doxie,42.0,0.0025482,danilo
#kuroshitsuji,82.0,0.0016057,danilo
#gtastunts,31.0,0.0011283,danilo
#vinecomicreviews,58.0,0.0665018,danilo
#trance,51.0,0.0011145,danilo
#forest,58.0,0.0010608,danilo
#nbaallstarto,126.0,0.0056856,danilo
#kyliejenner,52.0,0.0005899,danilo
#instrumental,43.0,0.0005472,danilo
#magconboys,48.0,0.0004548,danilo
#patriots,53.0,0.0031418,danilo
#itslit,49.0,0.0007566,danilo
#assassinscreed,67.0,0.0006783,danilo
#cali,51.0,0.0008586,danilo
#arizona,32.0,0.0003330,danilo
#dancingbotz,71.0,0.1199210,danilo
#europe,50.0,0.0010065,danilo
#kingjames,57.0,0.0021512,danilo
#drinking,51.0,0.0007133,danilo
#fruit,46.0,0.0006323,danilo
#nhprimary2016,109.0,0.0001171,danilo
#indovines,57.0,0.0014402,danilo
#equestrian,58.0,0.0006772,danilo
#beard,51.0,0.0010456,danilo
#blazesquad,31.0,0.0020818,danilo
#monkey,55.0,0.0006662,danilo
#liverpool,58.0,0.0024216,danilo
#natsu,58.0,0.0007891,danilo
#sakura,56.0,0.0004674,danilo
#ilovemydog,54.0,0.0026237,danilo
#shuffledance,47.0,0.0033798,danilo
#onceuponatime,58.0,0.0015146,danilo
#primesquad,51.0,0.0056452,danilo
#deer,51.0,0.0013644,danilo
#otp,53.0,0.0020761,danilo
#eliteeditsofthegamers,69.0,0.0011716,danilo
#feminism,52.0,0.0007498,danilo
#gainbackfollowers,71.0,0.0006766,danilo
#malec,60.0,0.0010238,danilo
#krump,32.0,0.0010423,danilo
#experienciasbioparc,54.0,0.0028788,danilo
#ourblues,57.0,0.1585195,danilo
#jensenackles,46.0,0.0007507,danilo
#turtle,49.0,0.0017603,danilo
#handmade,49.0,0.0003506,danilo
#doglover,46.0,0.0006225,danilo
#slfl,66.0,0.0004210,danilo
#roses,57.0,0.0007510,danilo
#doglife,54.0,0.0016995,danilo
#collegefootball,57.0,0.0018180,danilo
#gato,49.0,0.0024901,danilo
#nightprophecy,54.0,0.0040714,danilo
#keyboard,48.0,0.0006930,danilo
#insanitycrew,52.0,0.0159467,danilo
#cuteanimals,44.0,0.0009589,danilo
#mvpsports,38.0,0.0035649,danilo
#shot,24.0,0.0005393,danilo
#montreal,37.0,0.0002227,danilo
#offensivememes,51.0,0.0002723,danilo
#bungoustraydogs,60.0,0.0054583,danilo
#championsleague,58.0,0.0087116,danilo
#airplane,46.0,0.0008647,danilo
#singers,35.0,0.0005216,danilo
#guy,25.0,0.0003456,danilo
#kyungsoo,33.0,0.0007709,danilo
#11037daysofdr,54.0,0.0030429,danilo
#rockets,64.0,0.0121761,danilo
#christinaaguilera,46.0,0.0006287,danilo
#playstation4,51.0,0.0006126,danilo
#island,44.0,0.0011094,danilo
#seraphoftheend,48.0,0.0018528,danilo
#playforglorycrew,37.0,0.0093315,danilo
#tricking,47.0,0.0005684,danilo
#editsquad,49.0,0.0006681,danilo
#cutecat,38.0,0.0015042,danilo
#lukasgraham,55.0,0.0006241,danilo
#logic,48.0,0.0004788,danilo
#teaminstinct,48.0,0.0014090,danilo
#longboard,45.0,0.0004512,danilo
#shiba,49.0,0.0023343,danilo
#woman,38.0,0.0003239,danilo
#sweden,47.0,0.0008031,danilo
#man,44.0,0.0003249,danilo
#gloving,41.0,0.0006329,danilo
#pomeranian,47.0,0.0072597,danilo
#bulldogsofvine,48.0,0.0006593,danilo
#mmd,61.0,0.0005160,danilo
#jinyoung,67.0,0.0002922,danilo
#musicandsports,49.0,0.0040089,danilo
#walk,40.0,0.0010794,danilo
#petrat,30.0,0.0002374,danilo
#trailer,53.0,0.0004640,danilo
#dlinevids,49.0,0.0108498,danilo
#lame,47.0,0.0004083,danilo
#steelers,48.0,0.0006932,danilo
#larrystylinson,46.0,0.0030758,danilo
#marktuan,51.0,0.0003285,danilo
#duck,42.0,0.0008590,danilo
#martialarts,44.0,0.0013364,danilo
#kakashi,53.0,0.0011391,danilo
#younow,26.0,0.0003128,danilo
#alternative,25.0,0.0003046,danilo
#justiceleague,35.0,0.0002697,danilo
#unc,26.0,0.0001916,danilo
#yanderesimulator,46.0,0.0006309,danilo
#foodgasm,21.0,0.0004371,danilo
#gmod,66.0,0.0002075,danilo
#cordialrc2,46.0,0.0014542,danilo
#animemeweek,47.0,0.0112598,danilo
#sf,53.0,0.0005224,danilo
#cnblueworld,35.0,0.0016374,danilo
#piraterp,45.0,0.0004001,danilo
#springbreak,62.0,0.0001878,danilo
#farmlife,44.0,0.0006654,danilo
#gol,41.0,0.0167175,danilo
#ouranhighschoolhostclub,53.0,0.0066444,danilo
#inspirehappiness,19.0,0.0007773,danilo
#9daysofscream,45.0,0.0041879,danilo
#poledance,47.0,0.0002865,danilo
#zachking,34.0,0.0006044,danilo
#orgnlstyle,100.0,0.0024283,danilo
#pacers,50.0,0.0147025,danilo
#drumandbass,16.0,0.0003796,danilo
#corgisofvine,48.0,0.0012195,danilo
#mischiefmadness,27.0,0.0016951,danilo
#waterbottleflip,41.0,0.0006780,danilo
#twinz,66.0,0.0019913,danilo
#buzzerbeater,47.0,0.0017866,danilo
#grunge,26.0,0.0004469,danilo
#ninja,38.0,0.0002293,danilo
#motion,27.0,0.0005071,danilo
#poodle,46.0,0.0012390,danilo
#flips,37.0,0.0009244,danilo
#playtime,39.0,0.0014944,danilo
#usher,41.0,0.0006524,danilo
#magi,45.0,0.0013951,danilo
#furbaby,36.0,0.0007124,danilo
#ouat,52.0,0.0007981,danilo
#specialfx,39.0,0.0004108,danilo
#rncincle,43.0,0.0008563,danilo
#vancouver,38.0,0.0011089,danilo
#wbznewsat6,43.0,0.0893079,danilo
#newgame,23.0,0.0009547,danilo
#link,39.0,0.0003391,danilo
#camping,41.0,0.0005191,danilo
#bokunoheroacademia,59.0,0.0004615,danilo
#stydia,42.0,0.0021964,danilo
#ferrari,43.0,0.0004083,danilo
#nailpolish,38.0,0.0008674,danilo
#nomnom,40.0,0.0006428,danilo
#ssb43ds,30.0,0.2433403,danilo
#gainfollowers,42.0,0.0004366,danilo
#funk,40.0,0.0006038,danilo
#damonsalvatore,44.0,0.0042417,danilo
#5sosfam,52.0,0.0008468,danilo
#tmnt,54.0,0.0025390,danilo
#adelehello,47.0,0.0004399,danilo
#coym,27.0,0.0105405,danilo
#mydog,47.0,0.0006064,danilo
#akamegakill,54.0,0.0039399,danilo
#goldenstatewarriors,41.0,0.0006623,danilo
#goats,50.0,0.0013537,danilo
#wakeupwords,49.0,0.0004960,danilo
#bringusback,44.0,0.0005400,danilo
#virussquad,44.0,0.0068844,danilo
#vr,43.0,0.0006413,danilo
#cereal,45.0,0.0005196,danilo
#9daysofanimeeyes,48.0,0.0034519,danilo
#aliens,40.0,0.0003220,danilo
#gamergirl,37.0,0.0004278,danilo
#lovethissong,37.0,0.0011176,danilo
#fitnessgrampacertest,54.0,0.0003101,danilo
#perpignan,20.0,0.0007200,danilo
#blooper,23.0,0.0002533,danilo
#tasty,36.0,0.0007757,danilo
#justforfun,31.0,0.0005728,danilo
#tgambinoif,41.0,0.0009570,danilo
#war,35.0,0.0006831,danilo
#vixxken,10.0,0.0007411,danilo
#myvoice,42.0,0.0009724,danilo
#transformation,44.0,0.0003079,danilo
#roasted,38.0,0.0008940,danilo
#nailedit,29.0,0.0003651,danilo
#action,30.0,0.0002447,danilo
#terrier,41.0,0.0017729,danilo
#smash,44.0,0.0050738,danilo
#kyoto,41.0,0.0005010,danilo
#vineitwhileyoudriveit,43.0,0.0008433,danilo
#vmldraft1,34.0,0.0029707,danilo
#blingaudios,40.0,0.0155980,danilo
#scottmccall,42.0,0.0007467,danilo
#walmart,40.0,0.0004599,danilo
#alaska,39.0,0.0005828,danilo
#hornets,35.0,0.1720016,danilo
#animallover,22.0,0.0003090,danilo
#itachi,42.0,0.0042284,danilo
#chinchilla,39.0,0.0019244,danilo
#jumpman,51.0,0.0002694,danilo
#election,34.0,0.0008387,danilo
#cuba,38.0,0.0002915,danilo
#lgndsquad,43.0,0.0027787,danilo
#teewolf,38.0,0.0008491,danilo
#sand,26.0,0.0006053,danilo
#urban,23.0,0.0005280,danilo
#carolinapanthers,48.0,0.0005118,danilo
#caribbean,53.0,0.0011383,danilo
#dunkcontest,50.0,0.0013465,danilo
#bb18,33.0,0.0003562,danilo
#southboston,71.0,0.0415962,danilo
#swissbeatbox,62.0,0.0002346,danilo
#darksouls,40.0,0.0006932,danilo
#southafrica,47.0,0.0005926,danilo
#valencia,42.0,0.0006267,danilo
#demsinphilly,43.0,0.0004533,danilo
#fujiyoshidacity,38.0,0.0086780,danilo
#gd,37.0,0.0017914,danilo
#topchallenge,38.0,0.0025482,danilo
#photooftheday,24.0,0.0001768,danilo
#phantomgourmet,62.0,0.0350218,danilo
#rockthered,73.0,0.0189924,danilo
#3ds,40.0,0.0007084,danilo
#bottle,25.0,0.0007701,danilo
#jackandjack,40.0,0.0002231,danilo
#newat6,49.0,0.0338092,danilo
#2016nhldraft,37.0,0.0006571,danilo
#evonation,43.0,0.0208402,danilo
#conormcgregor,43.0,0.0003002,danilo
#sgvines,54.0,0.0002553,danilo
#thetinydog,38.0,0.0007005,danilo
#ajax,37.0,0.5159388,danilo
#blog,24.0,0.0003197,danilo
#elenagilbert,37.0,0.0043886,danilo
#rvb,39.0,0.0005053,danilo
#nctu,45.0,0.0003217,danilo
#bestnflplays,32.0,0.0363672,danilo
#cookingpanda,37.0,0.0002557,danilo
#alessiacara,46.0,0.0005811,danilo
#imperialsquad,39.0,0.0013237,danilo
#brooklyn,38.0,0.0002885,danilo
#sheep,34.0,0.0012071,danilo
#flowey,43.0,0.0003438,danilo
#8daysofanimecharacters,39.0,0.0002601,danilo
#siberianhusky,44.0,0.0009904,danilo
#sportsedits,31.0,0.0004039,danilo
#psycho,33.0,0.0004113,danilo
#guineapig,41.0,0.0004946,danilo
#nfldraft,40.0,0.0005633,danilo
#gorillaz,35.0,0.0006478,danilo
#hehe,16.0,0.0002548,danilo
#positive,28.0,0.0004186,danilo
#learning,23.0,0.0003195,danilo
#yourgloup,33.0,0.0009780,danilo
#hiroshima,45.0,0.0011968,danilo
#usabwnt,46.0,0.0010055,danilo
#wwenxt,3.0,0.0000526,danilo
#valhallarc4,45.0,0.0006009,danilo
#buckybarnes,27.0,0.0009793,danilo
#dangerous,36.0,0.0004164,danilo
#childhood,32.0,0.0004274,danilo
#mar,45.0,0.0015587,danilo
#harrystylesedit,33.0,0.0013599,danilo
#sims4,36.0,0.0010080,danilo
#contest,42.0,0.0003525,danilo
#pig,32.0,0.0005061,danilo
#splash,42.0,0.0007770,danilo
#wbznewsat5,36.0,0.0238749,danilo
#azwx,36.0,0.0145292,danilo
#bowie,46.0,0.0004370,danilo
#guys,32.0,0.0001369,danilo
#choreo,20.0,0.0027418,danilo
#vinedance,25.0,0.0004628,danilo
#alllivesmatter,35.0,0.0004462,danilo
#kamdelafu,35.0,0.0003445,danilo
#skyline,34.0,0.0004301,danilo
#walkingdead,46.0,0.0005192,danilo
#aussieviner,35.0,0.0005278,danilo
#pixelart,32.0,0.0002974,danilo
#bikelife,29.0,0.0004447,danilo
#playofthegame,51.0,0.0038111,danilo
#firstanimeweek,40.0,0.0013228,danilo
#obito,43.0,0.0005052,danilo
#5daysofmm,38.0,0.0003775,danilo
#alexmorgan,30.0,0.0005957,danilo
#goofy,34.0,0.0001903,danilo
#photograph,30.0,0.0008340,danilo
#bringmethehorizon,36.0,0.0003969,danilo
#ohagi,40.0,0.0023759,danilo
#kpopfunny,24.0,0.0004208,danilo
#thinkingoutloud,48.0,0.0003763,danilo
#ship,27.0,0.0003034,danilo
#basketballneverstops,32.0,0.0004207,danilo
#allstar,38.0,0.0004023,danilo
#thegoodvoice,52.0,0.0001481,danilo
#chicagoblackhawks,42.0,0.0008472,danilo
#artistic,31.0,0.0003987,danilo
#callofdutyadvancedwarfare,19.0,0.0001139,danilo
#vegetarian,44.0,0.0007495,danilo
#uber,41.0,0.0009580,danilo
#teamcoolsmoketricks,29.0,0.0000937,danilo
#madden,38.0,0.0027902,danilo
#bighit,43.0,0.0005368,danilo
#toddler,39.0,0.0004101,danilo
#suicidesquadedit,49.0,0.0004325,danilo
#taeyeon,35.0,0.0002525,danilo
#kitties,19.0,0.0007960,danilo
#strawberry,35.0,0.0003302,danilo
#newblowpopflavors,36.0,0.0069350,danilo
#smackdown,22.0,0.0008390,danilo
#vote,37.0,0.0002582,danilo
#debatenight,33.0,0.0104013,danilo
#playa,32.0,0.0006544,danilo
#360,31.0,0.0002235,danilo
#harleyquinnedit,36.0,0.0005776,danilo
#underrated,36.0,0.0003555,danilo
#sassy,27.0,0.0003100,danilo
#9daysoffairytail,40.0,0.0012538,danilo
#purple,35.0,0.0004558,danilo
#pianist,35.0,0.0003817,danilo
#snl,31.0,0.0003622,danilo
#cut,18.0,0.0001005,danilo
#mylove,34.0,0.0002962,danilo
#acidaudios,37.0,0.0019495,danilo
#teamzeub,23.0,0.0002212,danilo
#happydog,47.0,0.0003124,danilo
#firesports,34.0,0.0006653,danilo
#dubnation,33.0,0.0009422,danilo
#fountain,31.0,0.0009008,danilo
#muse,35.0,0.0009132,danilo
#flstudio,36.0,0.0004142,danilo
#humpday,28.0,0.0002896,danilo
#bocajuniors,25.0,0.0024594,danilo
#denverbroncos,38.0,0.0026737,danilo
#atx,39.0,0.0004226,danilo
#honey,30.0,0.0007163,danilo
#newzealand,43.0,0.0003045,danilo
#illusion,32.0,0.0002101,danilo
#grandshoutout,33.0,0.0013637,danilo
#jgktmcontest,35.0,0.0021260,danilo
#outsidersau,33.0,0.0002467,danilo
#rofl,20.0,0.0002446,danilo
#editorpositivityweek,33.0,0.0012298,danilo
#moves,24.0,0.0005046,danilo
#httr,42.0,0.0003170,danilo
#risesquad1,34.0,0.0021181,danilo
#katherinepierce,35.0,0.0016820,danilo
#rhianna,30.0,0.0005663,danilo
#kick,24.0,0.0003045,danilo
#furrypride,33.0,0.0013738,danilo
#cs45k,39.0,0.0009036,danilo
#allin216,33.0,0.0012059,danilo
#clexa,36.0,0.0024417,danilo
#air,32.0,0.0002588,danilo
#staffy,46.0,0.0001372,danilo
#next,32.0,0.0093481,danilo
#vogue,37.0,0.0005399,danilo
#yuta,27.0,0.0006438,danilo
#toystory,30.0,0.0002827,danilo
#motocross,29.0,0.0002776,danilo
#mariokart,43.0,0.0002500,danilo
#idkwhatimdoing,32.0,0.0005288,danilo
#nashville,29.0,0.0003943,danilo
#underswap,35.0,0.0002329,danilo
#flythew,32.0,0.0003233,danilo
#famousvine,25.0,0.0003024,danilo
#cl,28.0,0.0004590,danilo
#vinecomedy,29.0,0.0012541,danilo
#gopackgo,32.0,0.0013360,danilo
#gnash,28.0,0.0006875,danilo
#fairytailanime,38.0,0.0006490,danilo
#peopledontdancenomo,32.0,0.0004151,danilo
#squarevideo,35.0,0.0005927,danilo
#calvinharris,25.0,0.0004685,danilo
#6daysofsongs,34.0,0.0061112,danilo
#newjersey,31.0,0.0002761,danilo
#junkoenoshima,52.0,0.0005511,danilo
#aphamerica,33.0,0.0008938,danilo
#cph4,59.0,0.0017802,danilo
#momo,27.0,0.0004106,danilo
#kd,32.0,0.0014909,danilo
#villanova,27.0,0.0005720,danilo
#sugar,35.0,0.0002149,danilo
#chinesefood,34.0,0.0013059,danilo
#screaming,30.0,0.0005845,danilo
#teamdilligaf,54.0,0.0002031,danilo
#adultswim,27.0,0.0003716,danilo
#kingdomhearts,29.0,0.0004481,danilo
#photoshop,34.0,0.0003620,danilo
#ufc196,51.0,0.0002521,danilo
#bleachanime,35.0,0.0004728,danilo
#big,23.0,0.0002974,danilo
#whoa,12.0,0.0001938,danilo
#quick,9.0,0.0002749,danilo
#frenchvine2016,32.0,0.0003464,danilo
#mother,28.0,0.0001881,danilo
#basssquad,21.0,0.0003456,danilo
#stream,31.0,0.0004405,danilo
#voltron,30.0,0.0036486,danilo
#pup,23.0,0.0004197,danilo
#digital,26.0,0.0002768,danilo
#stayweird,25.0,0.0002081,danilo
#bioparcvalencia,39.0,0.0008029,danilo
#steelersfootball,31.0,0.0008986,danilo
#easter,34.0,0.0002417,danilo
#shihtzu,31.0,0.0008266,danilo
#canadian,31.0,0.0002339,danilo
#kriegersquad,32.0,0.0011898,danilo
#chacabuco,31.0,0.0008726,danilo
#nyfw,40.0,0.0002266,danilo
#jordan,26.0,0.0003589,danilo
#rollercoaster,32.0,0.0004633,danilo
#hallelujah,34.0,0.0002529,danilo
#bestoftheday,22.0,0.0000791,danilo
#citylife,31.0,0.0001846,danilo
#ontherise,22.0,0.0003416,danilo
#slipknot,27.0,0.0002794,danilo
#pinoyvines,42.0,0.0004326,danilo
#emoji,38.0,0.0007081,danilo
#usopen,31.0,0.0004051,danilo
#doodles,34.0,0.0002485,danilo
#snapchatfilter,30.0,0.0006283,danilo
#wtfamidoing,32.0,0.0004976,danilo
#ptv,16.0,0.0001574,danilo
#marveledit,27.0,0.0005095,danilo
#hmu,2.0,0.0001894,danilo
#pittsburgh,29.0,0.0003050,danilo
#100followers,34.0,0.0004328,danilo
#hookah,40.0,0.0001733,danilo
#noodles,40.0,0.0003875,danilo
#attblockparty,30.0,0.0012644,danilo
#explisivesquad,30.0,0.0016452,danilo
#supersmashbroswiiu,37.0,0.0025158,danilo
#wizkhalifa,31.0,0.0002511,danilo
#fridayfeeling,30.0,0.0003454,danilo
#killlakill,38.0,0.0005133,danilo
#daryldixon,28.0,0.0002341,danilo
#spin,27.0,0.0001809,danilo
#ableton,28.0,0.0006863,danilo
#redskins,36.0,0.0016577,danilo
#trickshotedits,3.0,0.0004703,danilo
#yunogasai,36.0,0.0022130,danilo
#gore,26.0,0.0002937,danilo
#spoiled,36.0,0.0001392,danilo
#edinburgh,34.0,0.0003640,danilo
#letsplay,29.0,0.0005581,danilo
#shottime,30.0,0.0005654,danilo
#recognize,31.0,0.0011720,danilo
#elvispresley,28.0,0.0007546,danilo
#contemporaryart,29.0,0.0003913,danilo
#seun2contest,29.0,0.0005715,danilo
#justcause3,46.0,0.0005388,danilo
#record,30.0,0.0021508,danilo
#ibiza,27.0,0.0006194,danilo
#sidemen,26.0,0.0002962,danilo
#heatnation,32.0,0.0004399,danilo
#osaka,29.0,0.0003633,danilo
#yixing,25.0,0.0002745,danilo
#beardeddragon,30.0,0.0003234,danilo
#tombrady,42.0,0.0001948,danilo
#manicure,17.0,0.0006707,danilo
#smule,35.0,0.0005513,danilo
#rapgod,24.0,0.0003233,danilo
#igot7,14.0,0.0004241,danilo
#swing,25.0,0.0003845,danilo
#likeforfollow,31.0,0.0003376,danilo
#aye,19.0,0.0003210,danilo
#bostonbruins,48.0,0.0079310,danilo
#romance,26.0,0.0002250,danilo
#10daysofsu,30.0,0.0026426,danilo
#chihuahuas,18.0,0.0003666,danilo
#margotrobbie,25.0,0.0003770,danilo
#mickeymouse,33.0,0.0002323,danilo
#groove,29.0,0.0002124,danilo
#aliceinwonderland,31.0,0.0002487,danilo
#afro,10.0,0.0002381,danilo
#rumbleviral,23.0,0.0013178,danilo
#poopfrogg,34.0,0.0003703,danilo
#austin,27.0,0.0002886,danilo
#lovesong,25.0,0.0002198,danilo
#superjunior,29.0,0.0004721,danilo
#tut,25.0,0.0002521,danilo
#screamqueens,26.0,0.0030162,danilo
#vikings,33.0,0.0003102,danilo
#ew,24.0,0.0003374,danilo
#fridaynightlightz,29.0,0.0003683,danilo
#edlp,28.0,0.0033269,danilo
#foot,20.0,0.0002422,danilo
#clay,28.0,0.0003685,danilo
#jyp,14.0,0.0002354,danilo
#makeuptutorial,26.0,0.0003763,danilo
#pacman,30.0,0.0003025,danilo
#ukelele,24.0,0.0006529,danilo
#maggielindemann,29.0,0.0011711,danilo
#explosivesquad,22.0,0.0003398,danilo
#heavy,11.0,0.0001598,danilo
#kpopedits,15.0,0.0002042,danilo
#voltronlegendarydefender,28.0,0.0006983,danilo
#alphasquad,28.0,0.0004823,danilo
#fifa16goals,26.0,0.0256896,danilo
#michaelmyers,35.0,0.0004399,danilo
#tlop,43.0,0.0007958,danilo
#freestyledance,34.0,0.0003229,danilo
#squidward,33.0,0.0005336,danilo
#switzerland,36.0,0.0003050,danilo
#13,29.0,0.0004083,danilo
#story,28.0,0.0004450,danilo
#paranormal,25.0,0.0006090,danilo
#fancyrat,15.0,0.0003339,danilo
#creep,25.0,0.0003892,danilo
#timelapseaddiction,28.0,0.0005631,danilo
#tomholland,28.0,0.0099749,danilo
#buckminsterfuller,18.0,0.0009014,danilo
#nascar,31.0,0.0004376,danilo
#itachiuchiha,28.0,0.0011289,danilo
#arianaedit,15.0,0.0005053,danilo
#gtryouts8,27.0,0.0003460,danilo
#deadshot,27.0,0.0000435,danilo
#yaoiweek,28.0,0.0003023,danilo
#slfljakarta,32.0,0.0006153,danilo
#feclit,27.0,0.0005738,danilo
